"";"Wahlkreis-Nr.";"Wahlkreisname";"Land";"Wahlberechtigte";"Wähler";"Ungültige";"Gültige";"CDU";"SPD";"DIE LINKE";"GRÜNE";"CSU";"FDP";"AfD";"PIRATEN";"NPD";"FREIE WÄHLER";"Tierschutzpartei";"ÖDP";"Die PARTEI";"BP";"Volksabstimmung";"PDV";"MLPD";"BüSo";"SGP";"DIE RECHTE";"AD-DEMOKRATEN";"Tierschutzallianz";"B*";"BGE";"DiB";"DKP";"DM";"Die Grauen";"du";"MG";"MENSCHLICHE WELT";"Die Humanisten";"Gesundheitsforschung";"V-Partei³"
"301";"1";"Flensburg – Schleswig";"Schleswig-Holstein";"228471";"34480";"138";"34342";"12663";"7086";"2447";"4846";"0";"4426";"1929";"0";"42";"225";"0";"84";"370";"0";"0";"0";"13";"0";"0";"0";"0";"0";"0";"211";"0";"0";"0";"0";"0";"0";"0";"0";"0";"0"
"302";"2";"Nordfriesland – Dithmarschen Nord";"Schleswig-Holstein";"186568";"28737";"119";"28618";"11185";"5792";"1703";"3370";"0";"4179";"1659";"0";"39";"210";"0";"48";"267";"0";"0";"0";"18";"0";"0";"0";"0";"0";"0";"148";"0";"0";"0";"0";"0";"0";"0";"0";"0";"0"
"303";"3";"Steinburg – Dithmarschen Süd";"Schleswig-Holstein";"176636";"23952";"93";"23859";"9095";"4896";"1489";"2602";"0";"3493";"1680";"0";"46";"176";"0";"35";"224";"0";"0";"0";"13";"0";"0";"0";"0";"0";"0";"110";"0";"0";"0";"0";"0";"0";"0";"0";"0";"0"
"304";"4";"Rendsburg-Eckernförde";"Schleswig-Holstein";"200831";"31866";"122";"31744";"12249";"6451";"1756";"4235";"0";"4286";"2024";"0";"39";"194";"0";"54";"304";"0";"0";"0";"9";"0";"0";"0";"0";"0";"0";"143";"0";"0";"0";"0";"0";"0";"0";"0";"0";"0"
"305";"5";"Kiel";"Schleswig-Holstein";"204650";"40874";"163";"40711";"12502";"8615";"3627";"7341";"0";"5352";"2027";"0";"33";"124";"0";"126";"720";"0";"0";"0";"44";"0";"0";"0";"0";"0";"0";"200";"0";"0";"0";"0";"0";"0";"0";"0";"0";"0"
"306";"6";"Plön – Neumünster";"Schleswig-Holstein";"174937";"26540";"128";"26412";"9670";"5717";"1466";"3500";"0";"3742";"1771";"0";"41";"143";"0";"46";"210";"0";"0";"0";"10";"0";"0";"0";"0";"0";"0";"96";"0";"0";"0";"0";"0";"0";"0";"0";"0";"0"
"307";"7";"Pinneberg";"Schleswig-Holstein";"238533";"45313";"261";"45052";"17128";"9814";"2594";"4958";"0";"6576";"2964";"0";"67";"207";"0";"123";"460";"0";"0";"0";"11";"0";"0";"0";"0";"0";"0";"150";"0";"0";"0";"0";"0";"0";"0";"0";"0";"0"
"308";"8";"Segeberg – Stormarn-Mitte";"Schleswig-Holstein";"247296";"42554";"165";"42389";"15950";"9075";"2539";"4719";"0";"6144";"2869";"0";"70";"360";"0";"101";"406";"0";"0";"0";"15";"0";"0";"0";"0";"0";"0";"141";"0";"0";"0";"0";"0";"0";"0";"0";"0";"0"
"309";"9";"Ostholstein – Stormarn-Nord";"Schleswig-Holstein";"181522";"29947";"151";"29796";"11578";"6408";"1482";"3113";"0";"4479";"2124";"0";"41";"192";"0";"48";"219";"0";"0";"0";"12";"0";"0";"0";"0";"0";"0";"100";"0";"0";"0";"0";"0";"0";"0";"0";"0";"0"
"310";"10";"Herzogtum Lauenburg – Stormarn-Süd";"Schleswig-Holstein";"244930";"44689";"184";"44505";"16707";"9247";"2369";"4850";"0";"6816";"3447";"0";"95";"317";"0";"99";"390";"0";"0";"0";"8";"0";"0";"0";"0";"0";"0";"160";"0";"0";"0";"0";"0";"0";"0";"0";"0";"0"
"311";"11";"Lübeck";"Schleswig-Holstein";"181638";"32811";"195";"32616";"10752";"7566";"2705";"4599";"0";"3953";"2132";"0";"56";"227";"0";"63";"387";"0";"0";"0";"24";"0";"0";"0";"0";"0";"0";"152";"0";"0";"0";"0";"0";"0";"0";"0";"0";"0"
"312";"12";"Schwerin – Ludwigslust-Parchim I – Nordwestmecklenburg I";"Mecklenburg-Vorpommern";"216800";"36775";"242";"36533";"13246";"6753";"6473";"1795";"0";"2441";"4249";"0";"196";"405";"420";"43";"311";"0";"0";"0";"60";"0";"0";"0";"0";"0";"0";"141";"0";"0";"0";"0";"0";"0";"0";"0";"0";"0"
"313";"13";"Ludwigslust-Parchim II – Nordwestmecklenburg II – Landkreis Rostock I";"Mecklenburg-Vorpommern";"205876";"32517";"148";"32369";"12301";"5260";"5553";"1450";"0";"2132";"4298";"0";"189";"280";"401";"60";"271";"0";"0";"0";"49";"0";"0";"0";"0";"0";"0";"125";"0";"0";"0";"0";"0";"0";"0";"0";"0";"0"
"314";"14";"Rostock – Landkreis Rostock II";"Mecklenburg-Vorpommern";"222913";"43391";"223";"43168";"14342";"6734";"9218";"3215";"0";"3018";"4559";"0";"172";"268";"519";"129";"693";"0";"0";"0";"91";"0";"0";"0";"0";"0";"0";"210";"0";"0";"0";"0";"0";"0";"0";"0";"0";"0"
"315";"15";"Vorpommern-Rügen – Vorpommern-Greifswald I";"Mecklenburg-Vorpommern";"240887";"42867";"278";"42589";"14919";"5330";"8119";"2816";"0";"3165";"6049";"0";"174";"351";"819";"80";"426";"0";"0";"0";"72";"0";"0";"0";"0";"0";"0";"269";"0";"0";"0";"0";"0";"0";"0";"0";"0";"0"
"316";"16";"Mecklenburgische Seenplatte I – Vorpommern-Greifswald II";"Mecklenburg-Vorpommern";"226039";"35700";"274";"35426";"12991";"4553";"6901";"1041";"0";"2136";"6141";"0";"348";"244";"461";"39";"301";"0";"0";"0";"61";"0";"0";"0";"0";"0";"0";"209";"0";"0";"0";"0";"0";"0";"0";"0";"0";"0"
"317";"17";"Mecklenburgische Seenplatte II – Landkreis Rostock III";"Mecklenburg-Vorpommern";"212099";"33512";"246";"33266";"13121";"4662";"6064";"1283";"0";"2047";"4644";"0";"208";"325";"377";"59";"251";"0";"0";"0";"64";"0";"0";"0";"0";"0";"0";"161";"0";"0";"0";"0";"0";"0";"0";"0";"0";"0"
"318";"18";"Hamburg-Mitte";"Hansestadt Hamburg";"243543";"61583";"310";"61273";"16653";"13550";"7789";"9103";"0";"6533";"3865";"0";"104";"294";"711";"196";"1321";"0";"0";"0";"46";"0";"0";"0";"0";"0";"0";"404";"430";"38";"0";"0";"0";"0";"0";"0";"0";"236"
"319";"19";"Hamburg-Altona";"Hansestadt Hamburg";"185944";"56445";"194";"56251";"16397";"10707";"7262";"9618";"0";"7364";"2540";"0";"37";"127";"399";"104";"881";"0";"0";"0";"39";"0";"0";"0";"0";"0";"0";"309";"317";"30";"0";"0";"0";"0";"0";"0";"0";"120"
"320";"20";"Hamburg-Eimsbüttel";"Hansestadt Hamburg";"192399";"61937";"232";"61705";"19284";"12794";"6391";"9674";"0";"7913";"3118";"0";"46";"127";"500";"169";"900";"0";"0";"0";"30";"0";"0";"0";"0";"0";"0";"265";"315";"33";"0";"0";"0";"0";"0";"0";"0";"146"
"321";"21";"Hamburg-Nord";"Hansestadt Hamburg";"217226";"72504";"280";"72224";"25594";"14673";"5549";"9272";"0";"10991";"3776";"0";"62";"258";"508";"129";"684";"0";"0";"0";"21";"0";"0";"0";"0";"0";"0";"255";"265";"31";"0";"0";"0";"0";"0";"0";"0";"156"
"322";"22";"Hamburg-Wandsbek";"Hansestadt Hamburg";"235513";"62301";"293";"62008";"20480";"16010";"4925";"6032";"0";"7073";"4946";"0";"112";"313";"647";"144";"661";"0";"0";"0";"17";"0";"0";"0";"0";"0";"0";"265";"218";"25";"0";"0";"0";"0";"0";"0";"0";"140"
"323";"23";"Hamburg-Bergedorf – Harburg";"Hansestadt Hamburg";"222031";"49443";"322";"49121";"15593";"12827";"4503";"4691";"0";"4741";"4338";"0";"127";"203";"503";"200";"780";"0";"0";"0";"32";"0";"0";"0";"0";"0";"0";"207";"226";"28";"0";"0";"0";"0";"0";"0";"0";"122"
"324";"24";"Aurich – Emden";"Niedersachsen";"191541";"26363";"157";"26206";"8521";"8405";"1728";"2340";"0";"2271";"2050";"96";"36";"153";"260";"8";"181";"0";"0";"0";"3";"0";"0";"0";"0";"0";"0";"55";"28";"4";"29";"0";"0";"0";"0";"0";"0";"38"
"325";"25";"Unterems";"Niedersachsen";"235234";"30258";"138";"30120";"12697";"7852";"1516";"2167";"0";"2696";"2325";"79";"54";"74";"270";"28";"213";"0";"0";"0";"8";"0";"0";"0";"0";"0";"0";"47";"37";"4";"33";"0";"0";"0";"0";"0";"0";"20"
"326";"26";"Friesland – Wilhelmshaven – Wittmund";"Niedersachsen";"189344";"31298";"208";"31090";"11244";"8725";"1882";"2323";"0";"3392";"2411";"75";"46";"205";"350";"23";"226";"0";"0";"0";"15";"0";"0";"0";"0";"0";"0";"58";"29";"8";"34";"0";"0";"0";"0";"0";"0";"44"
"327";"27";"Oldenburg – Ammerland";"Niedersachsen";"226253";"39963";"159";"39804";"13210";"9591";"3202";"5443";"0";"4563";"2274";"135";"38";"189";"324";"107";"389";"0";"0";"0";"14";"0";"0";"0";"0";"0";"0";"104";"80";"11";"43";"0";"0";"0";"0";"0";"0";"87"
"328";"28";"Delmenhorst – Wesermarsch – Oldenburg-Land";"Niedersachsen";"227696";"32396";"154";"32242";"11697";"8578";"1882";"2865";"0";"3662";"2381";"90";"57";"244";"328";"28";"210";"0";"0";"0";"6";"0";"0";"0";"0";"0";"0";"64";"36";"11";"48";"0";"0";"0";"0";"0";"0";"55"
"329";"29";"Cuxhaven – Stade II";"Niedersachsen";"187679";"27694";"118";"27576";"11214";"7001";"1674";"2100";"0";"2454";"2170";"60";"57";"201";"272";"39";"183";"0";"0";"0";"3";"0";"0";"0";"0";"0";"0";"58";"20";"6";"28";"0";"0";"0";"0";"0";"0";"36"
"330";"30";"Stade I – Rotenburg II";"Niedersachsen";"197297";"33437";"118";"33319";"13361";"7846";"1921";"3080";"0";"3468";"2456";"121";"74";"202";"324";"44";"214";"0";"0";"0";"7";"0";"0";"0";"0";"0";"0";"70";"55";"6";"37";"0";"0";"0";"0";"0";"0";"33"
"331";"31";"Mittelems";"Niedersachsen";"230151";"29025";"80";"28945";"14404";"6245";"1302";"2062";"0";"2893";"1347";"55";"32";"48";"183";"41";"193";"0";"0";"0";"5";"0";"0";"0";"0";"0";"0";"45";"32";"5";"25";"0";"0";"0";"0";"0";"0";"28"
"332";"32";"Cloppenburg – Vechta";"Niedersachsen";"220042";"27604";"108";"27496";"15219";"4642";"1011";"1582";"0";"2869";"1526";"52";"51";"79";"179";"23";"134";"0";"0";"0";"5";"0";"0";"0";"0";"0";"0";"25";"28";"4";"32";"0";"0";"0";"0";"0";"0";"35"
"333";"33";"Diepholz – Nienburg I";"Niedersachsen";"193934";"30351";"103";"30248";"12046";"7280";"1665";"2522";"0";"3518";"2190";"76";"59";"146";"300";"48";"196";"0";"0";"0";"4";"0";"0";"0";"0";"0";"0";"77";"42";"4";"36";"0";"0";"0";"0";"0";"0";"39"
"334";"34";"Osterholz – Verden";"Niedersachsen";"196136";"30827";"116";"30711";"11750";"7646";"1964";"3095";"0";"3036";"2163";"84";"41";"140";"303";"22";"204";"0";"0";"0";"7";"0";"0";"0";"0";"0";"0";"98";"51";"6";"51";"0";"0";"0";"0";"0";"0";"50"
"335";"35";"Rotenburg I – Heidekreis";"Niedersachsen";"168101";"24390";"114";"24276";"9533";"6175";"1271";"2143";"0";"2306";"1888";"82";"62";"183";"257";"28";"169";"0";"0";"0";"8";"0";"0";"0";"0";"0";"0";"55";"41";"2";"36";"0";"0";"0";"0";"0";"0";"37"
"336";"36";"Harburg";"Niedersachsen";"199081";"40001";"171";"39830";"15531";"8215";"2208";"3874";"0";"5053";"3383";"107";"69";"389";"408";"51";"246";"0";"0";"0";"12";"0";"0";"0";"0";"0";"0";"65";"78";"5";"49";"0";"0";"0";"0";"0";"0";"87"
"337";"37";"Lüchow-Dannenberg – Lüneburg";"Niedersachsen";"180865";"34716";"138";"34578";"11582";"7608";"2967";"5159";"0";"3317";"2316";"97";"46";"147";"395";"81";"304";"0";"0";"0";"9";"0";"0";"0";"0";"0";"0";"304";"106";"11";"65";"0";"0";"0";"0";"0";"0";"64"
"338";"38";"Osnabrück-Land";"Niedersachsen";"199131";"30810";"123";"30687";"13493";"7228";"1577";"2640";"0";"3224";"1687";"106";"52";"82";"222";"34";"159";"0";"0";"0";"5";"0";"0";"0";"0";"0";"0";"60";"34";"6";"35";"0";"0";"0";"0";"0";"0";"43"
"339";"39";"Stadt Osnabrück";"Niedersachsen";"196720";"35980";"100";"35880";"14187";"7730";"2656";"4753";"0";"3764";"1552";"148";"29";"66";"263";"60";"324";"0";"0";"0";"4";"0";"0";"0";"0";"0";"0";"125";"79";"20";"53";"0";"0";"0";"0";"0";"0";"67"
"340";"40";"Nienburg II – Schaumburg";"Niedersachsen";"194800";"32068";"131";"31937";"11910";"9076";"1546";"2670";"0";"3045";"2614";"102";"57";"102";"365";"26";"202";"0";"0";"0";"13";"0";"0";"0";"0";"0";"0";"73";"44";"3";"42";"0";"0";"0";"0";"0";"0";"47"
"341";"41";"Stadt Hannover I";"Niedersachsen";"179883";"34103";"153";"33950";"10797";"8561";"2516";"4459";"0";"4058";"2140";"159";"50";"123";"310";"40";"424";"0";"0";"0";"9";"0";"0";"0";"0";"0";"0";"110";"74";"15";"44";"0";"0";"0";"0";"0";"0";"61"
"342";"42";"Stadt Hannover II";"Niedersachsen";"193433";"39263";"148";"39115";"11182";"9087";"3839";"6245";"0";"4492";"2207";"222";"35";"97";"340";"57";"798";"0";"0";"0";"27";"0";"0";"0";"0";"0";"0";"153";"158";"33";"54";"0";"0";"0";"0";"0";"0";"89"
"343";"43";"Hannover-Land I";"Niedersachsen";"232926";"42767";"169";"42598";"16699";"10653";"2028";"3389";"0";"5088";"3448";"103";"76";"224";"336";"39";"276";"0";"0";"0";"3";"0";"0";"0";"0";"0";"0";"63";"54";"7";"45";"0";"0";"0";"0";"0";"0";"67"
"344";"44";"Celle – Uelzen";"Niedersachsen";"214612";"35738";"141";"35597";"14148";"8456";"1747";"3012";"0";"3921";"3144";"82";"71";"165";"347";"40";"234";"0";"0";"0";"2";"0";"0";"0";"0";"0";"0";"65";"51";"7";"54";"0";"0";"0";"0";"0";"0";"51"
"345";"45";"Gifhorn – Peine";"Niedersachsen";"218556";"32366";"142";"32224";"12177";"9281";"1674";"2410";"0";"3000";"2568";"97";"70";"125";"334";"26";"251";"0";"0";"0";"16";"0";"0";"0";"0";"0";"0";"52";"49";"3";"39";"0";"0";"0";"0";"0";"0";"52"
"346";"46";"Hameln-Pyrmont – Holzminden";"Niedersachsen";"187377";"35534";"204";"35330";"12850";"10525";"1901";"2627";"0";"3419";"2898";"146";"79";"93";"381";"39";"170";"0";"0";"0";"10";"0";"0";"0";"0";"0";"0";"72";"34";"7";"29";"0";"0";"0";"0";"0";"0";"50"
"347";"47";"Hannover-Land II";"Niedersachsen";"239923";"44682";"189";"44493";"16078";"12685";"2389";"3750";"0";"4582";"3542";"162";"99";"191";"378";"42";"305";"0";"0";"0";"9";"0";"0";"0";"0";"0";"0";"86";"73";"13";"56";"0";"0";"0";"0";"0";"0";"53"
"348";"48";"Hildesheim";"Niedersachsen";"218349";"40047";"175";"39872";"14674";"11105";"2250";"3854";"0";"3669";"2894";"124";"76";"111";"411";"44";"313";"0";"0";"0";"10";"0";"0";"0";"0";"0";"0";"115";"78";"11";"59";"0";"0";"0";"0";"0";"0";"74"
"349";"49";"Salzgitter – Wolfenbüttel";"Niedersachsen";"206133";"33688";"178";"33510";"11794";"10038";"1909";"2412";"0";"3039";"3111";"116";"98";"102";"358";"26";"294";"0";"0";"0";"11";"0";"0";"0";"0";"0";"0";"50";"60";"7";"35";"0";"0";"0";"0";"0";"0";"50"
"350";"50";"Braunschweig";"Niedersachsen";"192041";"43961";"206";"43755";"14455";"10725";"3415";"5343";"0";"4901";"2745";"229";"73";"131";"429";"78";"779";"0";"0";"0";"34";"0";"0";"0";"0";"0";"0";"127";"118";"9";"53";"0";"0";"0";"0";"0";"0";"111"
"351";"51";"Helmstedt – Wolfsburg";"Niedersachsen";"183961";"31504";"162";"31342";"12197";"8913";"1756";"2015";"0";"2791";"2568";"119";"102";"98";"320";"42";"223";"0";"0";"0";"5";"0";"0";"0";"0";"0";"0";"52";"27";"15";"47";"0";"0";"0";"0";"0";"0";"52"
"352";"52";"Goslar – Northeim – Osterode";"Niedersachsen";"202963";"35569";"172";"35397";"12899";"10559";"1895";"2497";"0";"3451";"2934";"71";"98";"118";"395";"24";"252";"0";"0";"0";"10";"0";"0";"0";"0";"0";"0";"61";"44";"8";"35";"0";"0";"0";"0";"0";"0";"46"
"353";"53";"Göttingen";"Niedersachsen";"220420";"45915";"205";"45710";"15222";"11622";"3548";"5987";"0";"4726";"2725";"154";"76";"304";"370";"62";"482";"0";"0";"0";"16";"0";"0";"0";"0";"0";"0";"143";"128";"22";"53";"0";"0";"0";"0";"0";"0";"70"
"354";"54";"Bremen I";"Hansestadt Bremen";"252496";"52676";"255";"52421";"15718";"11981";"6552";"6953";"0";"6352";"3020";"177";"44";"141";"0";"0";"761";"0";"0";"0";"31";"0";"0";"0";"0";"0";"0";"365";"0";"24";"43";"0";"0";"0";"94";"0";"0";"165"
"355";"55";"Bremen II – Bremerhaven";"Hansestadt Bremen";"221655";"32087";"194";"31893";"9004";"8923";"3455";"3174";"0";"3199";"2825";"142";"90";"162";"0";"0";"442";"0";"0";"0";"16";"0";"0";"0";"0";"0";"0";"163";"0";"21";"28";"0";"0";"0";"137";"0";"0";"112"
"356";"56";"Prignitz – Ostprignitz-Ruppin – Havelland I";"Brandenburg";"176002";"20957";"148";"20809";"6647";"4309";"3538";"983";"0";"1352";"2889";"0";"76";"221";"296";"33";"234";"0";"0";"0";"51";"0";"0";"0";"0";"0";"0";"112";"0";"18";"50";"0";"0";"0";"0";"0";"0";"0"
"357";"57";"Uckermark – Barnim I";"Brandenburg";"184716";"26257";"182";"26075";"7654";"4332";"5214";"1366";"0";"1593";"4112";"0";"176";"432";"409";"53";"363";"0";"0";"0";"17";"0";"0";"0";"0";"0";"0";"206";"0";"57";"91";"0";"0";"0";"0";"0";"0";"0"
"358";"58";"Oberhavel – Havelland II";"Brandenburg";"243108";"42903";"353";"42550";"13176";"8271";"5858";"3063";"0";"3606";"6067";"0";"193";"507";"856";"74";"539";"0";"0";"0";"13";"0";"0";"0";"0";"0";"0";"179";"0";"56";"92";"0";"0";"0";"0";"0";"0";"0"
"359";"59";"Märkisch-Oderland – Barnim II";"Brandenburg";"226424";"36915";"279";"36636";"9871";"5732";"8056";"1902";"0";"2504";"5847";"0";"157";"690";"758";"72";"481";"0";"0";"0";"38";"0";"0";"0";"0";"0";"0";"276";"0";"153";"99";"0";"0";"0";"0";"0";"0";"0"
"360";"60";"Brandenburg an der Havel – Potsdam-Mittelmark I – Havelland III – Teltow-Fläming I";"Brandenburg";"183182";"24124";"207";"23917";"7266";"4900";"4047";"1170";"0";"1804";"3270";"0";"119";"375";"418";"41";"214";"0";"0";"0";"18";"0";"0";"0";"0";"0";"0";"141";"0";"50";"84";"0";"0";"0";"0";"0";"0";"0"
"361";"61";"Potsdam – Potsdam-Mittelmark II – Teltow-Fläming II";"Brandenburg";"247441";"54123";"357";"53766";"14419";"9931";"9420";"5786";"0";"5357";"5609";"0";"110";"523";"954";"117";"841";"0";"0";"0";"32";"0";"0";"0";"0";"0";"0";"433";"0";"94";"140";"0";"0";"0";"0";"0";"0";"0"
"362";"62";"Dahme-Spreewald – Teltow-Fläming III – Oberspreewald-Lausitz I";"Brandenburg";"248708";"40561";"293";"40268";"11759";"6990";"6790";"2181";"0";"3223";"6572";"0";"180";"738";"838";"68";"462";"0";"0";"0";"20";"0";"0";"0";"0";"0";"0";"197";"0";"89";"161";"0";"0";"0";"0";"0";"0";"0"
"363";"63";"Frankfurt (Oder) – Oder-Spree";"Brandenburg";"194759";"29388";"217";"29171";"7695";"4956";"5780";"1486";"0";"2171";"4999";"0";"202";"433";"536";"55";"415";"0";"0";"0";"60";"0";"0";"0";"0";"0";"0";"205";"0";"77";"101";"0";"0";"0";"0";"0";"0";"0"
"364";"64";"Cottbus – Spree-Neiße";"Brandenburg";"178676";"29560";"291";"29269";"7902";"4529";"5096";"1176";"0";"2520";"6103";"0";"196";"269";"583";"66";"402";"0";"0";"0";"23";"0";"0";"0";"0";"0";"0";"205";"0";"94";"105";"0";"0";"0";"0";"0";"0";"0"
"365";"65";"Elbe-Elster – Oberspreewald-Lausitz II";"Brandenburg";"168543";"20511";"174";"20337";"5953";"3276";"3301";"648";"0";"1624";"4080";"0";"178";"439";"371";"28";"188";"0";"0";"0";"26";"0";"0";"0";"0";"0";"0";"113";"0";"21";"91";"0";"0";"0";"0";"0";"0";"0"
"366";"66";"Altmark";"Sachsen-Anhalt";"165625";"16630";"96";"16534";"5791";"2781";"3096";"754";"0";"1308";"2032";"0";"51";"132";"0";"0";"152";"0";"0";"0";"29";"0";"0";"0";"0";"184";"0";"95";"46";"0";"0";"0";"0";"83";"0";"0";"0";"0"
"367";"67";"Börde – Jerichower Land";"Sachsen-Anhalt";"220786";"23395";"168";"23227";"8166";"3575";"4008";"833";"0";"2088";"3261";"0";"120";"367";"0";"0";"158";"0";"0";"0";"26";"0";"0";"0";"0";"312";"0";"100";"52";"0";"0";"0";"0";"161";"0";"0";"0";"0"
"368";"68";"Harz";"Sachsen-Anhalt";"215607";"24999";"216";"24783";"9114";"4078";"4501";"1073";"0";"1857";"3022";"0";"71";"262";"0";"0";"200";"0";"0";"0";"43";"0";"0";"0";"0";"357";"0";"85";"44";"0";"0";"0";"0";"76";"0";"0";"0";"0"
"369";"69";"Magdeburg";"Sachsen-Anhalt";"238060";"36131";"219";"35912";"10988";"6100";"6884";"2517";"0";"3294";"3668";"0";"109";"269";"0";"0";"558";"0";"0";"0";"59";"0";"0";"0";"0";"628";"0";"187";"253";"0";"0";"0";"0";"398";"0";"0";"0";"0"
"370";"70";"Dessau – Wittenberg";"Sachsen-Anhalt";"177005";"21029";"144";"20885";"7333";"2931";"3872";"948";"0";"1699";"3012";"0";"111";"352";"0";"0";"158";"0";"0";"0";"20";"0";"0";"0";"0";"235";"0";"83";"37";"0";"0";"0";"0";"94";"0";"0";"0";"0"
"371";"71";"Anhalt";"Sachsen-Anhalt";"224401";"22173";"168";"22005";"7844";"2981";"4101";"633";"0";"1859";"3485";"0";"125";"306";"0";"0";"132";"0";"0";"0";"55";"0";"0";"0";"0";"291";"0";"76";"32";"0";"0";"0";"0";"85";"0";"0";"0";"0"
"372";"72";"Halle";"Sachsen-Anhalt";"214668";"35197";"254";"34943";"10080";"5070";"7257";"3142";"0";"3328";"3893";"0";"106";"322";"0";"0";"651";"0";"0";"0";"76";"0";"0";"0";"0";"461";"0";"251";"198";"0";"0";"0";"0";"108";"0";"0";"0";"0"
"373";"73";"Burgenland – Saalekreis";"Sachsen-Anhalt";"191636";"23236";"193";"23043";"7783";"3155";"3991";"741";"0";"2003";"4137";"0";"160";"308";"0";"0";"191";"0";"0";"0";"35";"0";"0";"0";"0";"302";"0";"98";"57";"0";"0";"0";"0";"82";"0";"0";"0";"0"
"374";"74";"Mansfeld";"Sachsen-Anhalt";"207103";"23165";"182";"22983";"7307";"3404";"4360";"673";"0";"2071";"4047";"0";"114";"186";"0";"0";"162";"0";"0";"0";"40";"0";"0";"0";"0";"339";"0";"129";"40";"0";"0";"0";"0";"111";"0";"0";"0";"0"
"375";"75";"Berlin-Mitte";"Berlin";"206706";"51038";"348";"50690";"10766";"8434";"10009";"9247";"0";"5333";"3288";"277";"0";"111";"526";"90";"1180";"0";"0";"0";"32";"23";"12";"0";"0";"0";"59";"280";"349";"68";"68";"184";"92";"0";"76";"0";"97";"89"
"376";"76";"Berlin-Pankow";"Berlin";"237071";"61545";"402";"61143";"13521";"9578";"13978";"9178";"0";"4540";"5511";"266";"0";"223";"795";"155";"1406";"0";"0";"0";"49";"48";"13";"0";"0";"0";"34";"363";"379";"92";"122";"366";"117";"0";"117";"0";"183";"109"
"377";"77";"Berlin-Reinickendorf";"Berlin";"182398";"43751";"454";"43297";"15620";"8297";"2922";"3847";"0";"5326";"4819";"149";"0";"86";"580";"75";"481";"0";"0";"0";"13";"20";"6";"0";"0";"0";"10";"102";"88";"20";"67";"545";"43";"0";"52";"0";"81";"48"
"378";"78";"Berlin-Spandau – Charlottenburg Nord";"Berlin";"184608";"40567";"470";"40097";"13280";"8973";"3089";"3392";"0";"4544";"4291";"169";"0";"112";"635";"102";"576";"0";"0";"0";"33";"25";"4";"0";"0";"0";"9";"125";"94";"12";"79";"269";"53";"0";"55";"0";"100";"76"
"379";"79";"Berlin-Steglitz-Zehlendorf";"Berlin";"221210";"72655";"612";"72043";"24623";"13270";"5299";"9296";"0";"10997";"5465";"199";"0";"119";"701";"114";"676";"0";"0";"0";"18";"57";"7";"0";"0";"0";"14";"214";"205";"26";"93";"283";"73";"0";"77";"0";"109";"108"
"380";"80";"Berlin-Charlottenburg-Wilmersdorf";"Berlin";"198672";"59993";"388";"59605";"17349";"11045";"5888";"9100";"0";"9764";"3933";"160";"0";"93";"523";"84";"676";"0";"0";"0";"12";"51";"4";"0";"0";"0";"14";"165";"168";"11";"74";"206";"61";"0";"68";"0";"80";"76"
"381";"81";"Berlin-Tempelhof-Schöneberg";"Berlin";"235250";"67017";"588";"66429";"18866";"12966";"7371";"10541";"0";"7702";"5237";"313";"0";"132";"783";"89";"947";"0";"0";"0";"18";"43";"23";"0";"0";"0";"19";"235";"251";"43";"78";"358";"97";"0";"135";"0";"85";"97"
"382";"82";"Berlin-Neukölln";"Berlin";"202618";"48185";"415";"47770";"12361";"8995";"7732";"6530";"0";"4111";"4240";"217";"0";"69";"667";"70";"1220";"0";"0";"0";"55";"45";"7";"0";"0";"0";"38";"253";"282";"28";"72";"443";"113";"0";"82";"0";"72";"68"
"383";"83";"Berlin-Friedrichshain-Kreuzberg – Prenzlauer Berg Ost";"Berlin";"223427";"58129";"328";"57801";"9046";"8752";"15233";"12860";"0";"3983";"2799";"318";"0";"93";"622";"95";"2121";"0";"0";"0";"48";"15";"9";"0";"0";"0";"114";"400";"480";"67";"92";"168";"168";"0";"105";"0";"101";"112"
"384";"84";"Berlin-Treptow-Köpenick";"Berlin";"205106";"47694";"340";"47354";"10511";"7648";"12446";"3864";"0";"3281";"5992";"207";"0";"214";"659";"81";"1028";"0";"0";"0";"48";"44";"9";"0";"0";"0";"24";"188";"193";"89";"138";"329";"61";"0";"97";"0";"136";"67"
"385";"85";"Berlin-Marzahn-Hellersdorf";"Berlin";"200704";"37951";"385";"37566";"9001";"5361";"10775";"1604";"0";"2176";"5817";"152";"0";"257";"640";"40";"501";"0";"0";"0";"29";"20";"10";"0";"0";"0";"5";"105";"113";"72";"88";"491";"38";"0";"63";"0";"153";"55"
"386";"86";"Berlin-Lichtenberg";"Berlin";"205300";"43249";"328";"42921";"8845";"6294";"13317";"3026";"0";"2392";"5289";"242";"0";"170";"718";"68";"1000";"0";"0";"0";"39";"15";"10";"0";"0";"0";"32";"189";"192";"116";"94";"319";"63";"0";"66";"0";"346";"79"
"387";"87";"Aachen I";"Nordrhein-Westfalen";"179273";"52115";"111";"52004";"16611";"11383";"4426";"6958";"0";"8588";"2103";"254";"26";"116";"279";"208";"552";"0";"31";"0";"11";"0";"3";"0";"36";"0";"0";"86";"153";"8";"35";"0";"0";"0";"0";"59";"19";"59"
"388";"88";"Aachen II";"Nordrhein-Westfalen";"228248";"56038";"270";"55768";"19886";"18372";"2795";"2545";"0";"6866";"3630";"209";"96";"106";"458";"169";"229";"0";"69";"0";"7";"0";"1";"0";"67";"0";"0";"58";"44";"1";"42";"0";"0";"0";"0";"19";"45";"54"
"389";"89";"Heinsberg";"Nordrhein-Westfalen";"190051";"36985";"219";"36766";"16159";"8537";"1798";"1787";"0";"4799";"2403";"139";"83";"186";"381";"28";"164";"0";"42";"0";"4";"0";"1";"0";"41";"0";"0";"34";"35";"1";"31";"0";"0";"0";"0";"13";"48";"52"
"390";"90";"Düren";"Nordrhein-Westfalen";"199675";"50807";"300";"50507";"19782";"13866";"2450";"2514";"0";"6400";"3789";"210";"114";"180";"523";"48";"228";"0";"78";"0";"6";"0";"3";"0";"44";"0";"0";"47";"46";"10";"39";"0";"0";"0";"0";"18";"62";"50"
"391";"91";"Rhein-Erft-Kreis I";"Nordrhein-Westfalen";"248982";"65061";"374";"64687";"24486";"16164";"2977";"3759";"0";"10096";"5134";"287";"93";"166";"578";"42";"328";"0";"121";"0";"16";"0";"5";"0";"86";"0";"0";"71";"56";"3";"45";"0";"0";"0";"0";"38";"65";"71"
"392";"92";"Euskirchen – Rhein-Erft-Kreis II";"Nordrhein-Westfalen";"246753";"64437";"339";"64098";"25279";"14310";"3465";"3849";"0";"10016";"4999";"166";"126";"193";"682";"57";"345";"0";"119";"0";"15";"0";"5";"0";"39";"0";"0";"108";"91";"9";"58";"0";"0";"0";"0";"31";"63";"73"
"393";"93";"Köln I";"Nordrhein-Westfalen";"192574";"54673";"259";"54414";"16590";"12738";"4896";"5975";"0";"7945";"3758";"223";"75";"137";"472";"69";"728";"0";"69";"0";"47";"0";"5";"0";"134";"0";"0";"116";"175";"18";"42";"0";"0";"0";"0";"55";"70";"77"
"394";"94";"Köln II";"Nordrhein-Westfalen";"240985";"87120";"280";"86840";"28223";"16012";"7574";"12029";"0";"16348";"3752";"244";"32";"148";"499";"104";"976";"0";"54";"0";"34";"0";"3";"0";"57";"0";"0";"163";"274";"14";"50";"0";"0";"0";"0";"77";"50";"123"
"395";"95";"Köln III";"Nordrhein-Westfalen";"203647";"57349";"251";"57098";"16363";"13724";"6155";"7486";"0";"7214";"3506";"232";"77";"134";"468";"57";"816";"0";"80";"0";"32";"0";"2";"0";"182";"0";"0";"134";"186";"11";"46";"0";"0";"0";"0";"51";"52";"90"
"396";"96";"Bonn";"Nordrhein-Westfalen";"227583";"63251";"200";"63051";"21355";"11689";"4993";"8623";"0";"10803";"3571";"177";"39";"161";"295";"106";"598";"0";"45";"0";"16";"0";"6";"0";"37";"0";"0";"121";"154";"4";"52";"0";"0";"0";"0";"61";"34";"111"
"397";"97";"Rhein-Sieg-Kreis I";"Nordrhein-Westfalen";"237415";"55504";"281";"55223";"21336";"11841";"3281";"3892";"0";"8722";"4128";"184";"71";"136";"503";"68";"372";"0";"278";"0";"16";"0";"2";"0";"48";"0";"0";"96";"76";"4";"41";"0";"0";"0";"0";"31";"44";"53"
"398";"98";"Rhein-Sieg-Kreis II";"Nordrhein-Westfalen";"216020";"54488";"289";"54199";"21443";"10168";"2778";"4407";"0";"10141";"3687";"160";"40";"125";"345";"63";"342";"0";"138";"0";"6";"0";"3";"0";"19";"0";"0";"84";"61";"5";"50";"0";"0";"0";"0";"28";"38";"68"
"399";"99";"Oberbergischer Kreis";"Nordrhein-Westfalen";"208418";"41072";"203";"40869";"16768";"8995";"2132";"2548";"0";"6289";"2849";"113";"57";"89";"316";"77";"220";"0";"75";"0";"12";"0";"0";"0";"35";"0";"0";"65";"60";"1";"50";"0";"0";"0";"0";"23";"45";"50"
"400";"100";"Rheinisch-Bergischer Kreis";"Nordrhein-Westfalen";"217425";"61048";"381";"60667";"23989";"12078";"3307";"4940";"0";"10822";"3807";"117";"57";"249";"434";"81";"339";"0";"60";"0";"10";"0";"2";"0";"38";"0";"0";"82";"65";"9";"50";"0";"0";"0";"0";"27";"39";"65"
"401";"101";"Leverkusen – Köln IV";"Nordrhein-Westfalen";"212212";"50113";"249";"49864";"16014";"12968";"3905";"4195";"0";"6875";"3644";"211";"89";"102";"439";"69";"694";"0";"82";"0";"39";"0";"5";"0";"115";"0";"0";"86";"112";"9";"44";"0";"0";"0";"0";"35";"50";"82"
"402";"102";"Wuppertal I";"Nordrhein-Westfalen";"208129";"39678";"183";"39495";"12715";"9831";"3491";"3356";"0";"5557";"3141";"157";"78";"87";"291";"46";"345";"0";"51";"0";"23";"0";"2";"0";"56";"0";"0";"64";"57";"12";"31";"0";"0";"0";"0";"30";"32";"42"
"403";"103";"Solingen – Remscheid – Wuppertal II";"Nordrhein-Westfalen";"222845";"43764";"214";"43550";"16112";"10205";"2738";"2934";"0";"7014";"3169";"161";"63";"89";"304";"46";"284";"0";"50";"0";"15";"0";"5";"0";"94";"0";"0";"44";"49";"9";"52";"0";"0";"0";"0";"34";"43";"36"
"404";"104";"Mettmann I";"Nordrhein-Westfalen";"205244";"52344";"235";"52109";"20547";"11158";"2604";"3398";"0";"9189";"3749";"176";"50";"106";"397";"49";"267";"0";"56";"0";"7";"0";"4";"0";"67";"0";"0";"54";"59";"2";"33";"0";"0";"0";"0";"20";"55";"62"
"405";"105";"Mettmann II";"Nordrhein-Westfalen";"163229";"37779";"158";"37621";"14130";"8496";"2083";"2388";"0";"6675";"2654";"163";"57";"80";"318";"37";"217";"0";"60";"0";"10";"0";"4";"0";"43";"0";"0";"40";"44";"6";"32";"0";"0";"0";"0";"11";"35";"38"
"406";"106";"Düsseldorf I";"Nordrhein-Westfalen";"220764";"59454";"190";"59264";"21738";"10194";"3857";"5305";"0";"13397";"3148";"171";"41";"90";"340";"38";"446";"0";"41";"0";"31";"0";"2";"0";"44";"0";"0";"74";"119";"16";"34";"0";"0";"0";"0";"35";"43";"60"
"407";"107";"Düsseldorf II";"Nordrhein-Westfalen";"193175";"44239";"146";"44093";"14548";"9460";"3566";"4486";"0";"7413";"2905";"176";"51";"134";"331";"52";"471";"0";"58";"0";"26";"0";"2";"0";"37";"0";"0";"66";"87";"18";"35";"0";"0";"0";"0";"39";"52";"80"
"408";"108";"Neuss I";"Nordrhein-Westfalen";"214779";"50673";"230";"50443";"20533";"10998";"2426";"2817";"0";"8316";"3603";"200";"77";"195";"454";"49";"293";"0";"66";"0";"10";"0";"2";"0";"76";"0";"0";"67";"74";"8";"40";"0";"0";"0";"0";"22";"54";"63"
"409";"109";"Mönchengladbach";"Nordrhein-Westfalen";"190552";"32142";"147";"31995";"13404";"6324";"1910";"2109";"0";"5058";"2099";"103";"62";"67";"253";"25";"279";"0";"40";"0";"13";"0";"1";"0";"23";"0";"0";"34";"39";"7";"22";"0";"0";"0";"0";"19";"30";"74"
"410";"110";"Krefeld I – Neuss II";"Nordrhein-Westfalen";"201450";"46060";"144";"45916";"18671";"9199";"2201";"2932";"0";"8853";"2689";"156";"67";"99";"322";"41";"323";"0";"53";"0";"11";"0";"1";"0";"53";"0";"0";"52";"43";"4";"25";"0";"0";"0";"0";"20";"36";"65"
"411";"111";"Viersen";"Nordrhein-Westfalen";"227423";"46549";"186";"46363";"19806";"9290";"2220";"2902";"0";"8137";"2659";"150";"55";"109";"403";"35";"253";"0";"52";"0";"6";"0";"1";"0";"28";"0";"0";"55";"56";"5";"27";"0";"0";"0";"0";"27";"40";"47"
"412";"112";"Kleve";"Nordrhein-Westfalen";"226096";"47696";"248";"47448";"21626";"10263";"2185";"2684";"0";"6939";"2450";"126";"65";"208";"323";"61";"200";"0";"43";"0";"12";"0";"1";"0";"14";"0";"0";"50";"45";"3";"20";"0";"0";"0";"0";"19";"52";"59"
"413";"113";"Wesel I";"Nordrhein-Westfalen";"207178";"43496";"205";"43291";"16731";"11539";"2299";"2550";"0";"5975";"2900";"131";"83";"100";"355";"41";"235";"0";"50";"0";"14";"0";"2";"0";"34";"0";"0";"50";"46";"1";"28";"0";"0";"0";"0";"24";"52";"51"
"414";"114";"Krefeld II – Wesel II";"Nordrhein-Westfalen";"179118";"35209";"135";"35074";"12914";"8606";"2075";"2226";"0";"5675";"2419";"148";"40";"82";"270";"26";"290";"0";"38";"0";"19";"0";"2";"0";"41";"0";"0";"55";"36";"9";"30";"0";"0";"0";"0";"13";"31";"29"
"415";"115";"Duisburg I";"Nordrhein-Westfalen";"167998";"30065";"321";"29744";"9060";"9100";"2166";"1975";"0";"3606";"2558";"147";"72";"77";"283";"27";"314";"0";"32";"0";"31";"0";"4";"0";"98";"0";"0";"41";"27";"10";"18";"0";"0";"0";"0";"18";"32";"48"
"416";"116";"Duisburg II";"Nordrhein-Westfalen";"160204";"22691";"217";"22474";"6475";"7692";"1479";"1005";"0";"2348";"2486";"97";"86";"50";"253";"14";"155";"0";"23";"0";"32";"0";"1";"0";"143";"0";"0";"34";"22";"2";"20";"0";"0";"0";"0";"7";"32";"18"
"417";"117";"Oberhausen – Wesel III";"Nordrhein-Westfalen";"204816";"40802";"277";"40525";"12683";"13249";"2873";"2036";"0";"4467";"3796";"146";"111";"79";"373";"39";"280";"0";"74";"0";"28";"0";"5";"0";"80";"0";"0";"34";"34";"8";"16";"0";"0";"0";"0";"16";"43";"55"
"418";"118";"Mülheim – Essen I";"Nordrhein-Westfalen";"187746";"41685";"230";"41455";"13730";"11773";"2562";"2472";"0";"6011";"3510";"115";"60";"71";"382";"26";"315";"0";"53";"0";"41";"0";"3";"0";"63";"0";"0";"54";"54";"27";"38";"0";"0";"0";"0";"24";"27";"44"
"419";"119";"Essen II";"Nordrhein-Westfalen";"163326";"31162";"183";"30979";"8795";"9569";"2236";"1901";"0";"3486";"3614";"142";"64";"67";"337";"21";"307";"0";"57";"0";"37";"0";"2";"0";"61";"0";"0";"44";"63";"31";"30";"0";"0";"0";"0";"26";"53";"36"
"420";"120";"Essen III";"Nordrhein-Westfalen";"192918";"52234";"216";"52018";"17871";"12018";"3630";"4460";"0";"8725";"3474";"146";"70";"82";"472";"52";"484";"0";"63";"0";"30";"0";"2";"0";"40";"0";"0";"73";"90";"37";"34";"0";"0";"0";"0";"28";"46";"91"
"421";"121";"Recklinghausen I";"Nordrhein-Westfalen";"169267";"35300";"178";"35122";"12008";"10759";"2204";"1901";"0";"3986";"3099";"116";"70";"86";"268";"27";"277";"0";"54";"0";"24";"0";"0";"0";"68";"0";"0";"31";"34";"2";"21";"0";"0";"0";"0";"13";"41";"33"
"422";"122";"Recklinghausen II";"Nordrhein-Westfalen";"189376";"44161";"248";"43913";"15371";"13648";"2472";"1981";"0";"5082";"3992";"153";"74";"101";"376";"39";"207";"0";"78";"0";"26";"0";"0";"0";"72";"0";"0";"51";"28";"3";"38";"0";"0";"0";"0";"19";"53";"49"
"423";"123";"Gelsenkirchen";"Nordrhein-Westfalen";"175210";"32281";"239";"32042";"9085";"10682";"2066";"1448";"0";"3318";"4070";"102";"87";"153";"312";"23";"228";"0";"56";"0";"62";"0";"1";"0";"148";"0";"0";"35";"31";"12";"25";"0";"0";"0";"0";"13";"53";"32"
"424";"124";"Steinfurt I – Borken I";"Nordrhein-Westfalen";"202192";"42500";"140";"42360";"20427";"8998";"1802";"2401";"0";"5851";"1901";"109";"55";"92";"205";"39";"209";"0";"34";"0";"6";"0";"1";"0";"49";"0";"0";"43";"35";"2";"23";"0";"0";"0";"0";"15";"37";"26"
"425";"125";"Bottrop – Recklinghausen III";"Nordrhein-Westfalen";"202793";"36835";"171";"36664";"13095";"10951";"2207";"1560";"0";"4315";"3266";"114";"79";"55";"303";"89";"197";"0";"64";"0";"17";"0";"3";"0";"62";"0";"0";"37";"35";"120";"21";"0";"0";"0";"0";"12";"33";"29"
"426";"126";"Borken II";"Nordrhein-Westfalen";"199978";"43032";"193";"42839";"21637";"8233";"1510";"2425";"0";"6077";"2003";"86";"36";"164";"214";"52";"170";"0";"33";"0";"5";"0";"1";"0";"7";"0";"0";"25";"29";"6";"28";"0";"0";"0";"0";"19";"40";"39"
"427";"127";"Coesfeld – Steinfurt II";"Nordrhein-Westfalen";"192946";"52660";"222";"52438";"24959";"10312";"2426";"3685";"0";"7510";"2339";"139";"81";"85";"298";"63";"245";"0";"47";"0";"6";"0";"1";"0";"5";"0";"0";"36";"45";"7";"42";"0";"0";"0";"0";"20";"50";"37"
"428";"128";"Steinfurt III";"Nordrhein-Westfalen";"195571";"35752";"135";"35617";"15187";"8812";"1901";"2481";"0";"4660";"1735";"102";"42";"100";"194";"22";"193";"0";"15";"0";"9";"0";"1";"0";"17";"0";"0";"29";"28";"2";"15";"0";"0";"0";"0";"4";"27";"41"
"429";"129";"Münster";"Nordrhein-Westfalen";"232294";"82707";"248";"82459";"30239";"16215";"6986";"11240";"0";"12262";"3034";"286";"26";"120";"340";"272";"765";"0";"63";"0";"16";"0";"3";"0";"34";"0";"0";"108";"162";"26";"66";"0";"0";"0";"0";"60";"39";"97"
"430";"130";"Warendorf";"Nordrhein-Westfalen";"209604";"48521";"214";"48307";"21601";"10643";"2272";"3119";"0";"6941";"2501";"112";"61";"130";"256";"40";"291";"0";"53";"0";"5";"0";"1";"0";"61";"0";"0";"51";"30";"5";"39";"0";"0";"0";"0";"14";"37";"44"
"431";"131";"Gütersloh I";"Nordrhein-Westfalen";"234272";"50641";"235";"50406";"21116";"11107";"2434";"3921";"0";"7394";"3025";"141";"65";"190";"309";"57";"254";"0";"62";"0";"9";"0";"2";"0";"55";"0";"0";"62";"36";"6";"39";"0";"0";"0";"0";"22";"46";"54"
"432";"132";"Bielefeld – Gütersloh II";"Nordrhein-Westfalen";"246216";"54916";"184";"54732";"17328";"13173";"5264";"6266";"0";"7342";"3346";"223";"61";"112";"301";"67";"657";"0";"47";"0";"23";"0";"8";"0";"92";"0";"0";"93";"98";"14";"66";"0";"0";"0";"0";"31";"45";"75"
"433";"133";"Herford – Minden-Lübbecke II";"Nordrhein-Westfalen";"228976";"52688";"251";"52437";"19111";"14677";"2828";"3318";"0";"6683";"4077";"172";"114";"283";"466";"40";"297";"0";"73";"0";"16";"0";"0";"0";"31";"0";"0";"37";"40";"8";"39";"0";"0";"0";"0";"22";"48";"57"
"434";"134";"Minden-Lübbecke I";"Nordrhein-Westfalen";"204203";"41150";"183";"40967";"14549";"11957";"2244";"2622";"0";"5346";"2964";"135";"64";"109";"323";"52";"251";"0";"47";"0";"8";"0";"1";"0";"10";"0";"0";"74";"43";"2";"36";"0";"0";"0";"0";"31";"47";"52"
"435";"135";"Lippe I";"Nordrhein-Westfalen";"170501";"36631";"173";"36458";"12832";"9954";"2105";"2470";"0";"5119";"2725";"130";"75";"276";"275";"29";"193";"0";"55";"0";"5";"0";"2";"0";"28";"0";"0";"38";"27";"4";"35";"0";"0";"0";"0";"14";"33";"34"
"436";"136";"Höxter – Lippe II";"Nordrhein-Westfalen";"211026";"41388";"209";"41179";"16210";"9888";"2373";"2802";"0";"5642";"2976";"120";"65";"205";"277";"109";"214";"0";"43";"0";"7";"0";"4";"0";"10";"0";"0";"76";"40";"5";"28";"0";"0";"0";"0";"13";"35";"37"
"437";"137";"Paderborn – Gütersloh III";"Nordrhein-Westfalen";"249359";"53465";"217";"53248";"23391";"9563";"2949";"4019";"0";"7957";"3556";"237";"84";"147";"375";"81";"382";"0";"71";"0";"10";"0";"2";"0";"52";"0";"0";"74";"69";"3";"74";"0";"0";"0";"0";"31";"53";"68"
"438";"138";"Hagen – Ennepe-Ruhr-Kreis I";"Nordrhein-Westfalen";"207384";"41389";"191";"41198";"14101";"11736";"2454";"2091";"0";"5810";"3680";"102";"79";"104";"375";"32";"232";"0";"73";"0";"21";"0";"3";"0";"61";"0";"0";"33";"46";"13";"22";"0";"0";"0";"0";"24";"58";"48"
"439";"139";"Ennepe-Ruhr-Kreis II";"Nordrhein-Westfalen";"178506";"44626";"247";"44379";"13812";"13310";"3220";"3362";"0";"5831";"3176";"260";"74";"94";"420";"48";"292";"0";"60";"0";"48";"0";"1";"0";"53";"0";"0";"68";"71";"16";"39";"0";"0";"0";"0";"25";"55";"44"
"440";"140";"Bochum I";"Nordrhein-Westfalen";"206460";"51299";"305";"50994";"15212";"15040";"4344";"4329";"0";"6228";"3838";"205";"106";"97";"488";"56";"507";"0";"60";"0";"26";"0";"3";"0";"71";"0";"0";"86";"89";"9";"45";"0";"0";"0";"0";"36";"50";"69"
"441";"141";"Herne – Bochum II";"Nordrhein-Westfalen";"179247";"34586";"240";"34346";"9881";"11828";"2379";"1944";"0";"3376";"3511";"140";"94";"80";"409";"43";"281";"0";"53";"0";"31";"0";"15";"0";"57";"0";"0";"57";"30";"6";"25";"0";"0";"0";"0";"17";"50";"39"
"442";"142";"Dortmund I";"Nordrhein-Westfalen";"211316";"50382";"193";"50189";"14562";"14512";"4182";"4729";"0";"6229";"3675";"278";"104";"163";"438";"55";"638";"0";"68";"0";"50";"0";"2";"0";"74";"0";"0";"114";"86";"16";"40";"0";"0";"0";"0";"29";"56";"89"
"443";"143";"Dortmund II";"Nordrhein-Westfalen";"203300";"42636";"230";"42406";"12299";"13871";"3074";"2943";"0";"5130";"3353";"207";"93";"202";"373";"33";"402";"0";"59";"0";"18";"0";"2";"0";"72";"0";"0";"57";"52";"14";"26";"0";"0";"0";"0";"31";"55";"40"
"444";"144";"Unna I";"Nordrhein-Westfalen";"197873";"44523";"263";"44260";"14120";"14592";"2504";"2874";"0";"5494";"3174";"186";"119";"192";"378";"33";"235";"0";"76";"0";"15";"0";"3";"0";"60";"0";"0";"38";"27";"2";"38";"0";"0";"0";"0";"17";"40";"43"
"445";"145";"Hamm – Unna II";"Nordrhein-Westfalen";"235213";"49330";"219";"49111";"17760";"14627";"2758";"2564";"0";"5901";"3895";"172";"136";"173";"384";"34";"275";"0";"69";"0";"22";"0";"4";"0";"100";"0";"0";"51";"34";"13";"22";"0";"0";"0";"0";"13";"55";"49"
"446";"146";"Soest";"Nordrhein-Westfalen";"232301";"55434";"227";"55207";"22517";"13139";"3062";"3214";"0";"8097";"3707";"159";"67";"101";"396";"61";"283";"0";"63";"0";"11";"0";"3";"0";"17";"0";"0";"67";"59";"2";"39";"0";"0";"0";"0";"25";"57";"61"
"447";"147";"Hochsauerlandkreis";"Nordrhein-Westfalen";"202768";"52112";"213";"51899";"23435";"11027";"2333";"2326";"0";"7890";"3370";"140";"98";"278";"341";"37";"252";"0";"64";"0";"10";"0";"0";"0";"31";"0";"0";"47";"39";"5";"45";"0";"0";"0";"0";"14";"59";"58"
"448";"148";"Siegen-Wittgenstein";"Nordrhein-Westfalen";"212912";"53389";"304";"53085";"19789";"13647";"3400";"2721";"0";"7180";"4545";"148";"96";"124";"400";"169";"414";"0";"80";"0";"5";"0";"1";"0";"60";"0";"0";"38";"61";"10";"62";"0";"0";"0";"0";"33";"52";"50"
"449";"149";"Olpe – Märkischer Kreis I";"Nordrhein-Westfalen";"206716";"57375";"269";"57106";"25675";"12553";"2499";"2364";"0";"8604";"3903";"143";"116";"121";"389";"93";"239";"0";"77";"0";"14";"0";"0";"0";"63";"0";"0";"40";"41";"6";"40";"0";"0";"0";"0";"18";"57";"51"
"450";"150";"Märkischer Kreis II";"Nordrhein-Westfalen";"200546";"47995";"193";"47802";"19112";"11805";"2483";"2125";"0";"6927";"3987";"131";"101";"126";"399";"44";"203";"0";"73";"0";"11";"0";"2";"0";"53";"0";"0";"45";"34";"6";"45";"0";"0";"0";"0";"11";"50";"29"
"451";"151";"Nordsachsen";"Sachsen";"163916";"21310";"154";"21156";"6936";"2579";"3405";"667";"0";"1782";"4541";"69";"206";"231";"333";"33";"163";"0";"0";"0";"16";"9";"0";"0";"0";"0";"0";"105";"39";"0";"0";"0";"0";"0";"0";"0";"0";"42"
"452";"152";"Leipzig I";"Sachsen";"220654";"38558";"201";"38357";"9933";"5034";"7923";"3328";"0";"3518";"5586";"183";"192";"330";"669";"91";"809";"0";"0";"0";"56";"67";"0";"0";"0";"0";"0";"266";"270";"0";"0";"0";"0";"0";"0";"0";"0";"102"
"453";"153";"Leipzig II";"Sachsen";"227718";"47685";"244";"47441";"11316";"6397";"10491";"5889";"0";"4387";"5399";"239";"122";"343";"666";"103";"1079";"0";"0";"0";"77";"64";"0";"0";"0";"0";"0";"393";"305";"0";"0";"0";"0";"0";"0";"0";"0";"171"
"454";"154";"Leipzig-Land";"Sachsen";"215616";"29801";"188";"29613";"9977";"3482";"4556";"1142";"0";"2620";"6268";"82";"194";"263";"434";"52";"237";"0";"0";"0";"47";"11";"0";"0";"0";"0";"0";"127";"68";"0";"0";"0";"0";"0";"0";"0";"0";"53"
"455";"155";"Meißen";"Sachsen";"201310";"30819";"269";"30550";"9108";"2865";"4468";"1416";"0";"2951";"7764";"87";"323";"350";"422";"107";"253";"0";"0";"0";"24";"78";"0";"0";"0";"0";"0";"188";"85";"0";"0";"0";"0";"0";"0";"0";"0";"61"
"456";"156";"Bautzen I";"Sachsen";"213990";"25712";"169";"25543";"7829";"2366";"4002";"734";"0";"2171";"6630";"82";"264";"521";"319";"74";"215";"0";"0";"0";"25";"51";"0";"0";"0";"0";"0";"152";"68";"0";"0";"0";"0";"0";"0";"0";"0";"40"
"457";"157";"Görlitz";"Sachsen";"213021";"27173";"227";"26946";"8176";"2775";"4104";"1014";"0";"2083";"6878";"86";"257";"480";"368";"64";"254";"0";"0";"0";"20";"85";"0";"0";"0";"0";"0";"160";"77";"0";"0";"0";"0";"0";"0";"0";"0";"65"
"458";"158";"Sächsische Schweiz-Osterzgebirge";"Sachsen";"202580";"28914";"205";"28709";"8386";"2481";"4191";"1119";"0";"2722";"7723";"82";"373";"474";"398";"104";"233";"0";"0";"0";"30";"107";"0";"0";"0";"0";"0";"173";"71";"0";"0";"0";"0";"0";"0";"0";"0";"42"
"459";"159";"Dresden I";"Sachsen";"232636";"54503";"280";"54223";"15136";"6027";"9334";"4949";"0";"5841";"8998";"351";"252";"461";"636";"325";"1004";"0";"0";"0";"46";"110";"0";"0";"0";"0";"0";"342";"281";"0";"0";"0";"0";"0";"0";"0";"0";"130"
"460";"160";"Dresden II – Bautzen II";"Sachsen";"235464";"50524";"235";"50289";"13180";"5064";"9053";"5592";"0";"5010";"8230";"391";"243";"546";"628";"373";"1063";"0";"0";"0";"61";"75";"0";"0";"0";"0";"0";"387";"251";"0";"0";"0";"0";"0";"0";"0";"0";"142"
"461";"161";"Mittelsachsen";"Sachsen";"201629";"29212";"203";"29009";"9095";"3030";"4550";"973";"0";"2563";"7014";"115";"249";"286";"373";"83";"332";"0";"0";"0";"41";"94";"0";"0";"0";"0";"0";"96";"67";"0";"0";"0";"0";"0";"0";"0";"0";"48"
"462";"162";"Chemnitz";"Sachsen";"195929";"36731";"214";"36517";"10256";"4746";"7577";"1899";"0";"3056";"6605";"195";"180";"233";"480";"76";"667";"0";"0";"0";"49";"88";"0";"0";"0";"0";"0";"188";"145";"0";"0";"0";"0";"0";"0";"0";"0";"77"
"463";"163";"Chemnitzer Umland – Erzgebirgskreis II";"Sachsen";"183483";"24329";"169";"24160";"8306";"2597";"3862";"787";"0";"2019";"5198";"75";"184";"318";"311";"59";"210";"0";"0";"0";"20";"8";"0";"0";"0";"0";"0";"98";"55";"0";"0";"0";"0";"0";"0";"0";"0";"53"
"464";"164";"Erzgebirgskreis I";"Sachsen";"220917";"28564";"263";"28301";"9719";"2630";"4430";"772";"0";"2335";"6627";"77";"266";"450";"410";"71";"216";"0";"0";"0";"26";"13";"0";"0";"0";"0";"0";"142";"69";"0";"0";"0";"0";"0";"0";"0";"0";"48"
"465";"165";"Zwickau";"Sachsen";"207606";"28246";"207";"28039";"9506";"3058";"5011";"1025";"0";"2283";"5605";"87";"176";"343";"389";"53";"241";"0";"0";"0";"36";"14";"0";"0";"0";"0";"0";"97";"54";"0";"0";"0";"0";"0";"0";"0";"0";"61"
"466";"166";"Vogtlandkreis";"Sachsen";"193081";"27314";"217";"27097";"9051";"3180";"4480";"901";"0";"2146";"5888";"65";"186";"255";"332";"72";"274";"0";"0";"0";"31";"12";"0";"0";"0";"0";"0";"119";"75";"0";"0";"0";"0";"0";"0";"0";"0";"30"
"467";"167";"Waldeck";"Hessen";"186825";"35864";"322";"35542";"11561";"11113";"2138";"2491";"0";"3713";"3279";"98";"72";"335";"330";"38";"189";"0";"0";"0";"4";"6";"0";"0";"0";"0";"0";"78";"0";"3";"37";"0";"0";"0";"0";"0";"0";"57"
"468";"168";"Kassel";"Hessen";"222451";"46091";"421";"45670";"13171";"12688";"4528";"5544";"0";"4537";"3423";"147";"64";"235";"431";"78";"437";"0";"0";"0";"36";"5";"0";"0";"0";"0";"0";"165";"0";"17";"84";"0";"0";"0";"0";"0";"0";"80"
"469";"169";"Werra-Meißner – Hersfeld-Rotenburg";"Hessen";"175992";"33337";"345";"32992";"10462";"10503";"1959";"2104";"0";"3088";"3627";"90";"97";"321";"290";"55";"194";"0";"0";"0";"7";"8";"0";"0";"0";"0";"0";"77";"0";"8";"44";"0";"0";"0";"0";"0";"0";"58"
"470";"170";"Schwalm-Eder";"Hessen";"188074";"33245";"375";"32870";"10286";"10116";"2022";"2266";"0";"3294";"3452";"102";"85";"517";"319";"36";"175";"0";"0";"0";"3";"5";"0";"0";"0";"0";"0";"84";"0";"8";"46";"0";"0";"0";"0";"0";"0";"54"
"471";"171";"Marburg";"Hessen";"183296";"34576";"187";"34389";"10947";"8347";"3572";"3883";"0";"3310";"2972";"119";"52";"252";"274";"82";"335";"0";"0";"0";"8";"8";"0";"0";"0";"0";"0";"117";"0";"18";"32";"0";"0";"0";"0";"0";"0";"61"
"472";"172";"Lahn-Dill";"Hessen";"208744";"33911";"290";"33621";"12381";"7877";"1925";"2448";"0";"3712";"3899";"84";"117";"349";"325";"66";"242";"0";"0";"0";"2";"11";"0";"0";"0";"0";"0";"59";"0";"12";"65";"0";"0";"0";"0";"0";"0";"47"
"473";"173";"Gießen";"Hessen";"217806";"41226";"303";"40923";"13278";"9372";"3072";"4463";"0";"4759";"3795";"162";"114";"618";"439";"93";"472";"0";"0";"0";"14";"7";"0";"0";"0";"0";"0";"97";"0";"34";"47";"0";"0";"0";"0";"0";"0";"87"
"474";"174";"Fulda";"Hessen";"209966";"35124";"296";"34828";"14442";"6139";"1830";"2743";"0";"4124";"4200";"86";"101";"260";"319";"102";"259";"0";"0";"0";"7";"3";"0";"0";"0";"0";"0";"83";"0";"9";"56";"0";"0";"0";"0";"0";"0";"65"
"475";"175";"Main-Kinzig – Wetterau II – Schotten";"Hessen";"179307";"34414";"310";"34104";"11817";"8006";"2025";"2415";"0";"3866";"4293";"105";"173";"436";"446";"67";"255";"0";"0";"0";"6";"12";"0";"0";"0";"0";"0";"71";"0";"5";"45";"0";"0";"0";"0";"0";"0";"61"
"476";"176";"Hochtaunus";"Hessen";"181516";"44311";"548";"43763";"16162";"8155";"2506";"4012";"0";"7211";"4078";"124";"75";"349";"528";"64";"261";"0";"0";"0";"2";"3";"0";"0";"0";"0";"0";"90";"0";"7";"46";"0";"0";"0";"0";"0";"0";"90"
"477";"177";"Wetterau I";"Hessen";"176435";"37589";"305";"37284";"13040";"8127";"2152";"3389";"0";"5156";"3648";"141";"160";"405";"455";"62";"293";"0";"0";"0";"4";"9";"0";"0";"0";"0";"0";"94";"0";"7";"59";"0";"0";"0";"0";"0";"0";"83"
"478";"178";"Rheingau-Taunus – Limburg";"Hessen";"220342";"53154";"453";"52701";"20583";"10293";"2689";"4366";"0";"7288";"5285";"146";"121";"607";"592";"77";"348";"0";"0";"0";"11";"7";"0";"0";"0";"0";"0";"129";"0";"7";"55";"0";"0";"0";"0";"0";"0";"97"
"479";"179";"Wiesbaden";"Hessen";"189372";"42682";"283";"42399";"13914";"8162";"3154";"5022";"0";"6710";"3716";"148";"57";"319";"391";"75";"416";"0";"0";"0";"21";"13";"0";"0";"0";"0";"0";"128";"0";"5";"45";"0";"0";"0";"0";"0";"0";"103"
"480";"180";"Hanau";"Hessen";"177469";"32614";"335";"32279";"10710";"7513";"2066";"2685";"0";"4007";"3740";"125";"110";"293";"462";"75";"254";"0";"0";"0";"9";"6";"0";"0";"0";"0";"0";"73";"0";"25";"55";"0";"0";"0";"0";"0";"0";"71"
"481";"181";"Main-Taunus";"Hessen";"197291";"49692";"431";"49261";"18891";"8311";"2309";"4668";"0";"9069";"4275";"136";"90";"425";"463";"101";"299";"0";"0";"0";"8";"8";"0";"0";"0";"0";"0";"77";"0";"7";"56";"0";"0";"0";"0";"0";"0";"68"
"482";"182";"Frankfurt am Main I";"Hessen";"199775";"42104";"260";"41844";"12593";"7207";"4081";"5942";"0";"7269";"2982";"166";"67";"234";"373";"93";"505";"0";"0";"0";"25";"8";"0";"0";"0";"0";"0";"118";"0";"20";"63";"0";"0";"0";"0";"0";"0";"98"
"483";"183";"Frankfurt am Main II";"Hessen";"223942";"53091";"286";"52805";"15990";"9157";"4995";"8243";"0";"8816";"3495";"200";"57";"246";"482";"94";"636";"0";"0";"0";"17";"10";"0";"0";"0";"0";"0";"157";"0";"26";"44";"0";"0";"0";"0";"0";"0";"140"
"484";"184";"Groß-Gerau";"Hessen";"174727";"32521";"410";"32111";"10958";"8019";"2095";"2804";"0";"3385";"3309";"174";"77";"387";"367";"45";"279";"0";"0";"0";"10";"4";"0";"0";"0";"0";"0";"61";"0";"33";"45";"0";"0";"0";"0";"0";"0";"59"
"485";"185";"Offenbach";"Hessen";"220194";"43443";"419";"43024";"15021";"8421";"3079";"4236";"0";"6077";"4311";"184";"98";"411";"454";"84";"377";"0";"0";"0";"15";"8";"0";"0";"0";"0";"0";"94";"0";"13";"59";"0";"0";"0";"0";"0";"0";"82"
"486";"186";"Darmstadt";"Hessen";"242622";"54053";"439";"53614";"16344";"11540";"4719";"7652";"0";"6619";"4205";"309";"100";"388";"521";"157";"632";"0";"0";"0";"33";"6";"0";"0";"0";"0";"0";"182";"0";"17";"68";"0";"0";"0";"0";"0";"0";"122"
"487";"187";"Odenwald";"Hessen";"234422";"50262";"567";"49695";"18172";"11116";"3168";"4220";"0";"5765";"5069";"175";"131";"420";"641";"95";"377";"0";"0";"0";"18";"6";"0";"0";"0";"0";"0";"102";"0";"34";"84";"0";"0";"0";"0";"0";"0";"102"
"488";"188";"Bergstraße";"Hessen";"198418";"43605";"354";"43251";"16227";"9120";"2404";"3695";"0";"5351";"4641";"132";"129";"357";"527";"66";"320";"0";"0";"0";"8";"16";"0";"0";"0";"0";"0";"91";"0";"6";"78";"0";"0";"0";"0";"0";"0";"83"
"489";"189";"Eichsfeld – Nordhausen – Kyffhäuserkreis";"Thüringen";"216673";"30172";"279";"29893";"11025";"4246";"4725";"1126";"0";"2244";"4727";"95";"323";"415";"0";"328";"252";"0";"0";"0";"37";"0";"0";"0";"0";"0";"0";"226";"0";"0";"68";"0";"0";"0";"0";"0";"0";"56"
"490";"190";"Eisenach – Wartburgkreis – Unstrut-Hainich-Kreis";"Thüringen";"222558";"30240";"249";"29991";"10027";"4486";"5039";"1255";"0";"2221";"4991";"100";"287";"669";"0";"134";"313";"0";"0";"0";"97";"0";"0";"0";"0";"0";"0";"184";"0";"0";"114";"0";"0";"0";"0";"0";"0";"74"
"491";"191";"Jena – Sömmerda – Weimarer Land I";"Thüringen";"203210";"32592";"217";"32375";"9407";"4061";"6433";"2776";"0";"2973";"4603";"160";"164";"621";"0";"160";"563";"0";"0";"0";"33";"0";"0";"0";"0";"0";"0";"175";"0";"0";"112";"0";"0";"0";"0";"0";"0";"134"
"492";"192";"Gotha – Ilm-Kreis";"Thüringen";"198341";"28147";"197";"27950";"8507";"4106";"4762";"1356";"0";"2317";"5020";"104";"210";"570";"0";"112";"437";"0";"0";"0";"33";"0";"0";"0";"0";"0";"0";"151";"0";"0";"171";"0";"0";"0";"0";"0";"0";"94"
"493";"193";"Erfurt – Weimar – Weimarer Land II";"Thüringen";"221922";"42424";"333";"42091";"11608";"6062";"8595";"4079";"0";"3769";"5212";"265";"130";"410";"0";"325";"854";"0";"0";"0";"63";"0";"0";"0";"0";"0";"0";"354";"0";"0";"154";"0";"0";"0";"0";"0";"0";"211"
"494";"194";"Gera – Greiz – Altenburger Land";"Thüringen";"240738";"33409";"267";"33142";"10187";"3843";"6301";"1043";"0";"2938";"7008";"94";"255";"505";"0";"139";"318";"0";"0";"0";"44";"0";"0";"0";"0";"0";"0";"173";"0";"0";"134";"0";"0";"0";"0";"0";"0";"160"
"495";"195";"Saalfeld-Rudolstadt – Saale-Holzland-Kreis – Saale-Orla-Kreis";"Thüringen";"229126";"32968";"224";"32744";"10115";"4038";"5852";"1220";"0";"2746";"6683";"125";"252";"692";"0";"146";"389";"0";"0";"0";"51";"0";"0";"0";"0";"0";"0";"198";"0";"0";"140";"0";"0";"0";"0";"0";"0";"97"
"496";"196";"Suhl – Schmalkalden-Meiningen – Hildburghausen – Sonneberg";"Thüringen";"234446";"32273";"241";"32032";"10219";"4355";"6097";"1375";"0";"2364";"5608";"124";"216";"602";"0";"274";"330";"0";"0";"0";"62";"0";"0";"0";"0";"0";"0";"185";"0";"0";"124";"0";"0";"0";"0";"0";"0";"97"
"497";"197";"Neuwied";"Rheinland-Pfalz";"239284";"64044";"555";"63489";"27413";"15278";"3048";"3738";"0";"6855";"5164";"198";"137";"818";"0";"149";"396";"0";"0";"0";"24";"0";"0";"0";"0";"0";"0";"126";"0";"0";"0";"0";"0";"0";"0";"0";"0";"145"
"498";"198";"Ahrweiler";"Rheinland-Pfalz";"195618";"54876";"323";"54553";"24458";"11748";"2419";"3479";"0";"6643";"4184";"189";"122";"459";"0";"136";"415";"0";"0";"0";"9";"0";"0";"0";"0";"0";"0";"130";"0";"0";"0";"0";"0";"0";"0";"0";"0";"162"
"499";"199";"Koblenz";"Rheinland-Pfalz";"196999";"60364";"443";"59921";"25850";"13569";"3189";"4315";"0";"6609";"4368";"215";"79";"757";"0";"122";"554";"0";"0";"0";"16";"0";"0";"0";"0";"0";"0";"122";"0";"0";"0";"0";"0";"0";"0";"0";"0";"156"
"500";"200";"Mosel/Rhein-Hunsrück";"Rheinland-Pfalz";"172876";"40657";"332";"40325";"18052";"8707";"2189";"2272";"0";"4730";"2908";"113";"66";"554";"0";"158";"325";"0";"0";"0";"12";"0";"0";"0";"0";"0";"0";"91";"0";"0";"0";"0";"0";"0";"0";"0";"0";"148"
"501";"201";"Kreuznach";"Rheinland-Pfalz";"185172";"43814";"287";"43527";"16426";"11447";"2525";"2702";"0";"4588";"4173";"119";"94";"677";"0";"186";"359";"0";"0";"0";"9";"0";"0";"0";"0";"0";"0";"112";"0";"0";"0";"0";"0";"0";"0";"0";"0";"110"
"502";"202";"Bitburg";"Rheinland-Pfalz";"164480";"37936";"310";"37626";"17392";"7683";"2067";"2337";"0";"4150";"2593";"91";"57";"602";"0";"195";"273";"0";"0";"0";"5";"0";"0";"0";"0";"0";"0";"80";"0";"0";"0";"0";"0";"0";"0";"0";"0";"101"
"503";"203";"Trier";"Rheinland-Pfalz";"192846";"52106";"388";"51718";"20962";"12050";"3763";"4719";"0";"5214";"3257";"209";"62";"540";"0";"138";"513";"0";"0";"0";"11";"0";"0";"0";"0";"0";"0";"113";"0";"0";"0";"0";"0";"0";"0";"0";"0";"167"
"504";"204";"Montabaur";"Rheinland-Pfalz";"210114";"55817";"354";"55463";"23612";"12667";"2781";"3228";"0";"6079";"4927";"178";"144";"982";"0";"109";"419";"0";"0";"0";"6";"0";"0";"0";"0";"0";"0";"140";"0";"0";"0";"0";"0";"0";"0";"0";"0";"191"
"505";"205";"Mainz";"Rheinland-Pfalz";"248996";"77072";"435";"76637";"28186";"16113";"5548";"9591";"0";"9016";"5117";"343";"85";"593";"0";"649";"897";"0";"0";"0";"22";"0";"0";"0";"0";"0";"0";"227";"0";"0";"0";"0";"0";"0";"0";"0";"0";"250"
"506";"206";"Worms";"Rheinland-Pfalz";"213627";"58197";"528";"57669";"21164";"14298";"3023";"4439";"0";"6315";"6173";"212";"171";"801";"0";"254";"462";"0";"0";"0";"10";"0";"0";"0";"0";"0";"0";"155";"0";"0";"0";"0";"0";"0";"0";"0";"0";"192"
"507";"207";"Ludwigshafen/Frankenthal";"Rheinland-Pfalz";"215595";"55692";"578";"55114";"19395";"14037";"3037";"3677";"0";"5883";"6659";"241";"189";"984";"0";"124";"537";"0";"0";"0";"59";"0";"0";"0";"0";"0";"0";"129";"0";"0";"0";"0";"0";"0";"0";"0";"0";"163"
"508";"208";"Neustadt – Speyer";"Rheinland-Pfalz";"220550";"68531";"525";"68006";"27015";"14293";"3335";"5583";"0";"7881";"6672";"249";"199";"1716";"0";"147";"514";"0";"0";"0";"22";"0";"0";"0";"0";"0";"0";"174";"0";"0";"0";"0";"0";"0";"0";"0";"0";"206"
"509";"209";"Kaiserslautern";"Rheinland-Pfalz";"229114";"54928";"535";"54393";"17728";"14962";"3710";"3655";"0";"5430";"5796";"323";"208";"1388";"0";"107";"698";"0";"0";"0";"10";"0";"0";"0";"0";"0";"0";"172";"0";"0";"0";"0";"0";"0";"0";"0";"0";"206"
"510";"210";"Pirmasens";"Rheinland-Pfalz";"177687";"45255";"510";"44745";"18267";"10610";"2658";"1959";"0";"4245";"4830";"192";"217";"909";"0";"108";"494";"0";"0";"0";"10";"0";"0";"0";"0";"0";"0";"115";"0";"0";"0";"0";"0";"0";"0";"0";"0";"131"
"511";"211";"Südpfalz";"Rheinland-Pfalz";"217633";"62256";"484";"61772";"24129";"13024";"3332";"5121";"0";"6451";"7000";"222";"158";"1162";"0";"184";"595";"0";"0";"0";"25";"0";"0";"0";"0";"0";"0";"164";"0";"0";"0";"0";"0";"0";"0";"0";"0";"205"
"512";"212";"Altötting";"Bayern";"168221";"44142";"155";"43987";"0";"5289";"2018";"3121";"19998";"4162";"5482";"114";"95";"1396";"405";"664";"255";"615";"0";"0";"5";"45";"0";"0";"0";"0";"0";"52";"40";"3";"81";"0";"0";"0";"0";"0";"69";"78"
"513";"213";"Erding – Ebersberg";"Bayern";"198198";"60409";"179";"60230";"0";"6897";"2722";"6294";"24469";"7288";"6609";"214";"99";"2095";"629";"858";"384";"1132";"0";"0";"13";"12";"0";"0";"0";"0";"0";"88";"131";"6";"89";"0";"0";"0";"0";"0";"79";"122"
"514";"214";"Freising";"Bayern";"235746";"72855";"234";"72621";"0";"8322";"3342";"6861";"30274";"7598";"8986";"257";"194";"3359";"800";"736";"488";"810";"0";"0";"13";"5";"0";"0";"0";"0";"0";"94";"120";"4";"132";"0";"0";"0";"0";"0";"84";"142"
"515";"215";"Fürstenfeldbruck";"Bayern";"232125";"69747";"185";"69562";"0";"8790";"3033";"7320";"29414";"8210";"7094";"217";"108";"2054";"735";"695";"384";"849";"0";"0";"17";"7";"0";"0";"0";"0";"0";"118";"141";"13";"126";"0";"0";"0";"0";"0";"89";"148"
"516";"216";"Ingolstadt";"Bayern";"238605";"67844";"243";"67601";"0";"8833";"3023";"5020";"29501";"6634";"8576";"193";"207";"2581";"571";"657";"448";"794";"0";"0";"21";"9";"0";"0";"0";"0";"0";"80";"77";"12";"87";"0";"0";"0";"0";"0";"98";"179"
"517";"217";"München-Nord";"Bayern";"226436";"74588";"178";"74410";"0";"11123";"5146";"12612";"23525";"12568";"5108";"307";"44";"923";"599";"681";"646";"355";"0";"0";"27";"9";"0";"0";"0";"0";"0";"160";"240";"12";"96";"0";"0";"0";"0";"0";"78";"151"
"518";"218";"München-Ost";"Bayern";"239169";"79356";"256";"79100";"0";"11382";"5026";"12340";"27082";"12903";"5648";"268";"61";"1021";"697";"750";"674";"421";"0";"0";"22";"14";"0";"0";"0";"0";"0";"164";"270";"30";"76";"0";"0";"0";"0";"0";"73";"178"
"519";"219";"München-Süd";"Bayern";"216725";"72410";"175";"72235";"0";"10627";"5438";"12493";"23634";"10272";"5276";"247";"55";"1013";"634";"665";"660";"389";"0";"0";"24";"18";"0";"0";"0";"0";"0";"163";"283";"8";"96";"0";"0";"0";"0";"0";"66";"174"
"520";"220";"München-West/Mitte";"Bayern";"241282";"82424";"248";"82176";"0";"11957";"6215";"14828";"26598";"12210";"5352";"310";"65";"1013";"720";"749";"736";"461";"0";"0";"18";"26";"0";"0";"0";"0";"0";"198";"328";"21";"95";"0";"0";"0";"0";"0";"76";"200"
"521";"221";"München-Land";"Bayern";"235172";"78994";"221";"78773";"0";"10245";"3435";"9446";"31232";"12705";"6524";"240";"70";"1768";"779";"681";"448";"513";"0";"0";"13";"9";"0";"0";"0";"0";"0";"129";"189";"10";"94";"0";"0";"0";"0";"0";"107";"136"
"522";"222";"Rosenheim";"Bayern";"235170";"69051";"238";"68813";"0";"7239";"3137";"7049";"28595";"8384";"8205";"192";"100";"1981";"686";"849";"346";"1320";"0";"0";"21";"27";"0";"0";"0";"0";"0";"134";"128";"23";"136";"0";"0";"0";"0";"0";"99";"162"
"523";"223";"Bad Tölz-Wolfratshausen – Miesbach";"Bayern";"165527";"55257";"213";"55044";"0";"5668";"2425";"5436";"23705";"7257";"5608";"155";"72";"1655";"542";"471";"228";"1307";"0";"0";"7";"5";"0";"0";"0";"0";"0";"84";"137";"5";"99";"0";"0";"0";"0";"0";"80";"98"
"524";"224";"Starnberg – Landsberg am Lech";"Bayern";"213628";"67380";"191";"67189";"0";"7962";"3168";"8400";"26915";"10323";"5883";"183";"83";"1275";"650";"627";"354";"649";"0";"0";"5";"10";"0";"0";"0";"0";"0";"180";"159";"6";"133";"0";"0";"0";"0";"0";"81";"143"
"525";"225";"Traunstein";"Bayern";"208466";"61169";"222";"60947";"0";"6789";"2830";"5782";"28295";"5779";"6348";"142";"114";"1671";"527";"679";"280";"1162";"0";"0";"7";"9";"0";"0";"0";"0";"0";"101";"118";"12";"127";"0";"0";"0";"0";"0";"76";"99"
"526";"226";"Weilheim";"Bayern";"167159";"55776";"212";"55564";"0";"5909";"2582";"5069";"24894";"6220";"6120";"126";"83";"1413";"531";"928";"242";"936";"0";"0";"8";"3";"0";"0";"0";"0";"0";"88";"88";"5";"121";"0";"0";"0";"0";"0";"77";"121"
"527";"227";"Deggendorf";"Bayern";"166659";"50265";"161";"50104";"0";"6980";"2132";"2286";"20444";"3820";"9173";"101";"220";"2422";"473";"385";"160";"1208";"0";"0";"7";"9";"0";"0";"0";"0";"0";"44";"45";"2";"49";"0";"0";"0";"0";"0";"55";"89"
"528";"228";"Landshut";"Bayern";"249836";"73140";"200";"72940";"0";"8782";"3073";"5275";"29813";"7518";"9411";"197";"180";"4909";"798";"896";"329";"1174";"0";"0";"12";"10";"0";"0";"0";"0";"0";"102";"133";"13";"83";"0";"0";"0";"0";"0";"94";"138"
"529";"229";"Passau";"Bayern";"177387";"58320";"194";"58126";"0";"8364";"2867";"3659";"24345";"5588";"8603";"122";"173";"1675";"564";"866";"242";"635";"0";"0";"6";"7";"0";"0";"0";"0";"0";"69";"79";"6";"71";"0";"0";"0";"0";"0";"97";"88"
"530";"230";"Rottal-Inn";"Bayern";"168642";"46088";"151";"45937";"0";"5578";"1882";"2456";"19857";"4375";"6837";"93";"130";"2143";"434";"859";"169";"812";"0";"0";"3";"6";"0";"0";"0";"0";"0";"55";"50";"1";"58";"0";"0";"0";"0";"0";"70";"69"
"531";"231";"Straubing";"Bayern";"173953";"50944";"207";"50737";"0";"6445";"1924";"2247";"22306";"4019";"8253";"101";"251";"2822";"467";"700";"170";"733";"0";"0";"9";"2";"0";"0";"0";"0";"0";"43";"39";"10";"63";"0";"0";"0";"0";"0";"54";"79"
"532";"232";"Amberg";"Bayern";"215876";"59019";"250";"58769";"0";"8379";"2605";"4133";"26353";"4599";"6483";"152";"237";"3184";"606";"655";"321";"536";"0";"0";"14";"6";"0";"0";"0";"0";"0";"112";"75";"7";"93";"0";"0";"0";"0";"0";"109";"110"
"533";"233";"Regensburg";"Bayern";"252916";"75451";"228";"75223";"0";"10171";"4305";"7819";"30091";"7127";"8107";"269";"178";"3923";"704";"803";"492";"571";"0";"0";"10";"8";"0";"0";"0";"0";"0";"101";"155";"21";"108";"0";"0";"0";"0";"0";"107";"153"
"534";"234";"Schwandorf";"Bayern";"216418";"67948";"312";"67636";"0";"10607";"2780";"2864";"28359";"4407";"11220";"169";"303";"4198";"679";"592";"219";"813";"0";"0";"12";"4";"0";"0";"0";"0";"0";"59";"68";"6";"80";"0";"0";"0";"0";"0";"102";"95"
"535";"235";"Weiden";"Bayern";"168415";"51057";"242";"50815";"0";"9546";"2121";"2380";"22258";"3409";"6191";"157";"226";"2441";"483";"407";"221";"583";"0";"0";"8";"5";"0";"0";"0";"0";"0";"65";"49";"2";"64";"0";"0";"0";"0";"0";"94";"105"
"536";"236";"Bamberg";"Bayern";"182513";"55697";"203";"55494";"0";"8038";"3080";"5210";"23256";"5505";"6209";"167";"222";"1552";"570";"384";"442";"286";"0";"0";"33";"14";"0";"0";"0";"0";"0";"101";"115";"5";"109";"0";"0";"0";"0";"0";"88";"108"
"537";"237";"Bayreuth";"Bayern";"163934";"44788";"147";"44641";"0";"7581";"2128";"3565";"19486";"4472";"4149";"134";"133";"1457";"403";"215";"395";"132";"0";"0";"8";"2";"0";"0";"0";"0";"0";"56";"62";"4";"41";"0";"0";"0";"0";"0";"74";"144"
"538";"238";"Coburg";"Bayern";"159654";"35947";"164";"35783";"0";"7538";"1722";"2578";"15217";"3254";"3275";"113";"148";"827";"385";"216";"197";"76";"0";"0";"11";"4";"0";"0";"0";"0";"0";"49";"67";"4";"23";"0";"0";"0";"0";"0";"43";"36"
"539";"239";"Hof";"Bayern";"167552";"40557";"183";"40374";"0";"8365";"1892";"2289";"17071";"3304";"4613";"127";"169";"1227";"428";"141";"285";"115";"0";"0";"5";"3";"0";"0";"0";"0";"0";"83";"55";"2";"50";"0";"0";"0";"0";"0";"68";"82"
"540";"240";"Kulmbach";"Bayern";"170897";"49312";"193";"49119";"0";"8223";"1945";"2743";"22573";"3953";"5833";"145";"287";"1590";"491";"380";"289";"206";"0";"0";"15";"1";"0";"0";"0";"0";"0";"85";"70";"9";"88";"0";"0";"0";"0";"0";"99";"94"
"541";"241";"Ansbach";"Bayern";"243760";"63273";"218";"63055";"0";"10518";"3560";"5583";"26433";"5108";"6472";"250";"267";"2449";"627";"704";"386";"191";"0";"0";"6";"4";"0";"0";"0";"0";"0";"93";"68";"7";"93";"0";"0";"0";"0";"0";"121";"115"
"542";"242";"Erlangen";"Bayern";"180730";"54573";"148";"54425";"0";"9005";"3531";"7171";"20611";"5889";"4444";"204";"118";"1399";"467";"503";"446";"124";"0";"0";"25";"6";"0";"0";"0";"0";"0";"97";"141";"4";"70";"0";"0";"0";"0";"0";"63";"107"
"543";"243";"Fürth";"Bayern";"255491";"63581";"243";"63338";"0";"11444";"4098";"6377";"24196";"5950";"6376";"235";"206";"2005";"753";"419";"490";"191";"0";"0";"15";"3";"0";"0";"0";"0";"0";"90";"144";"12";"106";"0";"0";"0";"0";"0";"103";"125"
"544";"244";"Nürnberg-Nord";"Bayern";"192214";"53205";"202";"53003";"0";"8862";"5214";"8079";"16196";"6401";"4402";"237";"110";"851";"621";"499";"741";"95";"0";"0";"33";"3";"0";"0";"0";"0";"0";"150";"195";"29";"86";"0";"0";"0";"0";"0";"71";"128"
"545";"245";"Nürnberg-Süd";"Bayern";"181809";"41817";"208";"41609";"0";"8434";"2891";"3976";"14416";"4003";"4820";"167";"142";"876";"578";"313";"383";"113";"0";"0";"7";"4";"0";"0";"0";"0";"0";"95";"99";"11";"100";"0";"0";"0";"0";"0";"85";"96"
"546";"246";"Roth";"Bayern";"227560";"65143";"265";"64878";"0";"11527";"3510";"6152";"25929";"5902";"6582";"241";"181";"2460";"751";"462";"408";"202";"0";"0";"5";"8";"0";"0";"0";"0";"0";"101";"93";"11";"113";"0";"0";"0";"0";"0";"105";"135"
"547";"247";"Aschaffenburg";"Bayern";"183362";"48619";"299";"48320";"0";"8184";"2422";"4302";"20299";"5538";"4467";"127";"144";"1022";"441";"411";"350";"141";"0";"0";"21";"4";"0";"0";"0";"0";"0";"89";"74";"12";"64";"0";"0";"0";"0";"0";"86";"122"
"548";"248";"Bad Kissingen";"Bayern";"216030";"65113";"292";"64821";"0";"9761";"3168";"4353";"30364";"5903";"6656";"196";"370";"1796";"602";"447";"395";"225";"0";"0";"12";"6";"0";"0";"0";"0";"0";"95";"97";"3";"121";"0";"0";"0";"0";"0";"122";"129"
"549";"249";"Main-Spessart";"Bayern";"196183";"63356";"396";"62960";"0";"11060";"2816";"4572";"28365";"5640";"5701";"172";"180";"2225";"588";"441";"358";"169";"0";"0";"16";"9";"0";"0";"0";"0";"0";"93";"65";"5";"125";"0";"0";"0";"0";"0";"136";"224"
"550";"250";"Schweinfurt";"Bayern";"199041";"53370";"252";"53118";"0";"8608";"2928";"4054";"23523";"4978";"5289";"164";"180";"1489";"522";"336";"283";"260";"0";"0";"38";"6";"0";"0";"0";"0";"0";"78";"60";"4";"126";"0";"0";"0";"0";"0";"90";"102"
"551";"251";"Würzburg";"Bayern";"225998";"83553";"337";"83216";"0";"14113";"4978";"10580";"33374";"8876";"6003";"262";"191";"1427";"843";"658";"868";"157";"0";"0";"22";"6";"0";"0";"0";"0";"0";"167";"188";"12";"162";"0";"0";"0";"0";"0";"110";"219"
"552";"252";"Augsburg-Stadt";"Bayern";"210528";"44298";"136";"44162";"0";"6318";"3443";"5947";"15411";"4957";"4606";"199";"73";"829";"491";"463";"523";"224";"0";"0";"35";"24";"0";"0";"0";"0";"0";"131";"132";"12";"87";"0";"0";"0";"0";"0";"63";"194"
"553";"253";"Augsburg-Land";"Bayern";"248812";"63373";"231";"63142";"0";"7495";"2717";"5457";"27147";"6872";"7648";"202";"166";"2590";"677";"690";"314";"534";"0";"0";"10";"11";"0";"0";"0";"0";"0";"101";"103";"9";"118";"0";"0";"0";"0";"0";"93";"188"
"554";"254";"Donau-Ries";"Bayern";"190782";"51570";"185";"51385";"0";"6785";"2053";"3397";"22805";"5058";"6779";"164";"217";"2204";"528";"384";"217";"398";"0";"0";"9";"6";"0";"0";"0";"0";"0";"59";"54";"8";"57";"0";"0";"0";"0";"0";"87";"116"
"555";"255";"Neu-Ulm";"Bayern";"239647";"60367";"229";"60138";"0";"7912";"2672";"5102";"25036";"6565";"7761";"231";"217";"2226";"641";"584";"308";"325";"0";"0";"7";"10";"0";"0";"0";"0";"0";"102";"81";"8";"114";"0";"0";"0";"0";"0";"100";"136"
"556";"256";"Oberallgäu";"Bayern";"226604";"64874";"221";"64653";"0";"7258";"3075";"7421";"28145";"7734";"5630";"161";"103";"2308";"615";"648";"279";"484";"0";"0";"10";"8";"0";"0";"0";"0";"0";"257";"110";"5";"147";"0";"0";"0";"0";"0";"96";"159"
"557";"257";"Ostallgäu";"Bayern";"247539";"63297";"208";"63089";"0";"7254";"3004";"5459";"27581";"7272";"7058";"178";"127";"1946";"572";"991";"304";"692";"0";"0";"9";"9";"0";"0";"0";"0";"0";"153";"100";"6";"143";"0";"0";"0";"0";"0";"95";"136"
"558";"258";"Stuttgart I";"Baden-Württemberg";"194368";"61245";"213";"61032";"19650";"7841";"4771";"12050";"0";"10711";"3507";"355";"38";"182";"434";"215";"589";"0";"0";"0";"29";"0";"0";"5";"0";"48";"0";"167";"191";"21";"88";"0";"0";"0";"46";"0";"0";"94"
"559";"259";"Stuttgart II";"Baden-Württemberg";"182501";"43374";"171";"43203";"14052";"6425";"3229";"7226";"0";"6529";"3712";"258";"51";"222";"426";"159";"422";"0";"0";"0";"38";"0";"0";"4";"0";"45";"0";"125";"103";"18";"63";"0";"0";"0";"43";"0";"0";"53"
"560";"260";"Böblingen";"Baden-Württemberg";"245678";"52879";"235";"52644";"20252";"7485";"2439";"6933";"0";"8522";"5007";"191";"82";"404";"366";"118";"317";"0";"0";"0";"28";"0";"0";"7";"0";"81";"0";"84";"88";"7";"88";"0";"0";"0";"67";"0";"0";"78"
"561";"261";"Esslingen";"Baden-Württemberg";"168715";"40043";"176";"39867";"14626";"6074";"2181";"5915";"0";"5878";"3488";"160";"77";"342";"362";"97";"250";"0";"0";"0";"47";"0";"0";"8";"0";"59";"0";"80";"50";"0";"60";"0";"0";"0";"41";"0";"0";"72"
"562";"262";"Nürtingen";"Baden-Württemberg";"207044";"47531";"238";"47293";"17275";"6492";"2345";"6893";"0";"7381";"5002";"188";"76";"366";"400";"111";"306";"0";"0";"0";"23";"0";"0";"13";"0";"83";"0";"83";"103";"6";"66";"0";"0";"0";"33";"0";"0";"48"
"563";"263";"Göppingen";"Baden-Württemberg";"178409";"35173";"221";"34952";"12815";"5757";"1467";"4460";"0";"4678";"4379";"149";"73";"244";"302";"91";"181";"0";"0";"0";"19";"0";"0";"10";"0";"61";"0";"59";"44";"8";"46";"0";"0";"0";"60";"0";"0";"49"
"564";"264";"Waiblingen";"Baden-Württemberg";"222891";"46746";"217";"46529";"16564";"6994";"2259";"5844";"0";"7813";"5128";"205";"85";"292";"422";"215";"254";"0";"0";"0";"21";"0";"0";"10";"0";"75";"0";"78";"77";"9";"68";"0";"0";"0";"57";"0";"0";"59"
"565";"265";"Ludwigsburg";"Baden-Württemberg";"218074";"50771";"204";"50567";"18265";"7706";"2579";"7124";"0";"7831";"4897";"210";"72";"540";"381";"159";"309";"0";"0";"0";"34";"0";"0";"8";"0";"85";"0";"81";"73";"8";"55";"0";"0";"0";"54";"0";"0";"96"
"566";"266";"Neckar-Zaber";"Baden-Württemberg";"229280";"49389";"240";"49149";"17354";"7587";"2318";"6613";"0";"7525";"5721";"154";"131";"492";"437";"128";"266";"0";"0";"0";"13";"0";"0";"21";"0";"81";"0";"68";"47";"1";"64";"0";"0";"0";"63";"0";"0";"65"
"567";"267";"Heilbronn";"Baden-Württemberg";"242553";"43332";"257";"43075";"15284";"7203";"2097";"4824";"0";"6144";"5532";"122";"189";"343";"349";"216";"303";"0";"0";"0";"25";"0";"0";"23";"0";"90";"0";"73";"59";"4";"53";"0";"0";"0";"66";"0";"0";"76"
"568";"268";"Schwäbisch Hall – Hohenlohe";"Baden-Württemberg";"225785";"34466";"183";"34283";"12266";"5343";"1929";"4685";"0";"4555";"3926";"140";"118";"184";"259";"256";"176";"0";"0";"0";"21";"0";"0";"7";"0";"90";"0";"65";"65";"10";"72";"0";"0";"0";"42";"0";"0";"74"
"569";"269";"Backnang – Schwäbisch Gmünd";"Baden-Württemberg";"176968";"34169";"181";"33988";"12727";"5290";"1828";"4233";"0";"4437";"4030";"132";"84";"193";"325";"146";"210";"0";"0";"0";"15";"0";"0";"12";"0";"57";"0";"68";"49";"0";"60";"0";"0";"0";"46";"0";"0";"46"
"570";"270";"Aalen – Heidenheim";"Baden-Württemberg";"221853";"40880";"225";"40655";"16272";"7111";"1918";"4899";"0";"4726";"4117";"115";"109";"283";"327";"157";"199";"0";"0";"0";"24";"0";"0";"14";"0";"63";"0";"70";"64";"25";"59";"0";"0";"0";"47";"0";"0";"56"
"571";"271";"Karlsruhe-Stadt";"Baden-Württemberg";"208868";"52624";"191";"52433";"16374";"8146";"4234";"10175";"0";"6925";"4060";"315";"36";"208";"406";"156";"653";"0";"0";"0";"32";"0";"0";"17";"0";"77";"0";"181";"192";"9";"72";"0";"0";"0";"75";"0";"0";"90"
"572";"272";"Karlsruhe-Land";"Baden-Württemberg";"209741";"47035";"258";"46777";"17667";"7632";"2265";"5624";"0";"6356";"5131";"138";"84";"478";"441";"82";"362";"0";"0";"0";"17";"0";"0";"32";"0";"110";"0";"105";"59";"13";"61";"0";"0";"0";"53";"0";"0";"67"
"573";"273";"Rastatt";"Baden-Württemberg";"206484";"41972";"262";"41710";"17023";"6681";"1912";"5077";"0";"5147";"4163";"139";"64";"437";"338";"72";"215";"0";"0";"0";"13";"0";"0";"32";"0";"91";"0";"57";"54";"7";"59";"0";"0";"0";"62";"0";"0";"67"
"574";"274";"Heidelberg";"Baden-Württemberg";"217934";"55233";"225";"55008";"18025";"9279";"4135";"9742";"0";"7469";"4240";"195";"76";"291";"353";"134";"480";"0";"0";"0";"24";"0";"0";"5";"0";"95";"0";"114";"146";"13";"54";"0";"0";"0";"49";"0";"0";"89"
"575";"275";"Mannheim";"Baden-Württemberg";"197289";"45496";"232";"45264";"14244";"9125";"3392";"6315";"0";"5781";"4301";"170";"78";"280";"442";"70";"451";"0";"0";"0";"39";"0";"0";"4";"0";"110";"0";"132";"110";"15";"53";"0";"0";"0";"57";"0";"0";"95"
"576";"276";"Odenwald – Tauber";"Baden-Württemberg";"210876";"35840";"205";"35635";"14749";"5779";"1777";"3284";"0";"4195";"4135";"126";"93";"328";"340";"253";"198";"0";"0";"0";"8";"0";"0";"6";"0";"79";"0";"62";"40";"3";"57";"0";"0";"0";"57";"0";"0";"66"
"577";"277";"Rhein-Neckar";"Baden-Württemberg";"198251";"40151";"287";"39864";"14634";"6927";"2118";"4745";"0";"5063";"4639";"122";"115";"387";"349";"76";"296";"0";"0";"0";"7";"0";"0";"15";"0";"78";"0";"70";"47";"4";"51";"0";"0";"0";"65";"0";"0";"56"
"578";"278";"Bruchsal – Schwetzingen";"Baden-Württemberg";"196426";"42937";"362";"42575";"16524";"7061";"2006";"4126";"0";"5224";"5426";"117";"130";"600";"584";"66";"274";"0";"0";"0";"9";"0";"0";"37";"0";"81";"0";"57";"70";"3";"55";"0";"0";"0";"62";"0";"0";"63"
"579";"279";"Pforzheim";"Baden-Württemberg";"219577";"45901";"246";"45655";"16705";"7030";"2093";"5186";"0";"6753";"5785";"127";"100";"321";"690";"106";"262";"0";"0";"0";"19";"0";"0";"21";"0";"64";"0";"117";"69";"4";"76";"0";"0";"0";"63";"0";"0";"64"
"580";"280";"Calw";"Baden-Württemberg";"198021";"38419";"178";"38241";"14919";"5236";"1754";"4234";"0";"5831";"4672";"120";"86";"329";"424";"110";"157";"0";"0";"0";"16";"0";"0";"16";"0";"48";"0";"69";"39";"4";"78";"0";"0";"0";"51";"0";"0";"48"
"581";"281";"Freiburg";"Baden-Württemberg";"222308";"60627";"200";"60427";"18134";"9506";"6246";"13765";"0";"6073";"3721";"188";"78";"225";"640";"267";"600";"0";"0";"0";"28";"0";"0";"12";"0";"80";"0";"359";"200";"20";"84";"0";"0";"0";"90";"0";"0";"111"
"582";"282";"Lörrach – Müllheim";"Baden-Württemberg";"232208";"48936";"227";"48709";"17945";"7888";"2551";"7978";"0";"5928";"4295";"179";"81";"347";"413";"136";"269";"0";"0";"0";"28";"0";"0";"15";"0";"130";"0";"206";"85";"7";"80";"0";"0";"0";"78";"0";"0";"70"
"583";"283";"Emmendingen – Lahr";"Baden-Württemberg";"218287";"40785";"191";"40594";"14998";"6690";"2193";"6261";"0";"4700";"3761";"133";"79";"338";"522";"260";"245";"0";"0";"0";"22";"0";"0";"9";"0";"52";"0";"117";"51";"7";"39";"0";"0";"0";"52";"0";"0";"65"
"584";"284";"Offenburg";"Baden-Württemberg";"205551";"37872";"193";"37679";"14332";"6065";"1901";"5507";"0";"4523";"3606";"122";"50";"364";"429";"84";"203";"0";"0";"0";"10";"0";"0";"11";"0";"95";"0";"98";"55";"8";"83";"0";"0";"0";"67";"0";"0";"66"
"585";"285";"Rottweil – Tuttlingen";"Baden-Württemberg";"199227";"37809";"165";"37644";"15298";"5085";"1555";"4370";"0";"5276";"4187";"122";"90";"365";"227";"314";"168";"0";"0";"0";"12";"0";"0";"13";"0";"257";"0";"59";"53";"4";"81";"0";"0";"0";"55";"0";"0";"53"
"586";"286";"Schwarzwald-Baar";"Baden-Württemberg";"165041";"33128";"168";"32960";"13279";"4840";"1574";"4380";"0";"4335";"3121";"93";"124";"311";"295";"103";"161";"0";"0";"0";"20";"0";"0";"6";"0";"69";"0";"48";"43";"3";"59";"0";"0";"0";"51";"0";"0";"45"
"587";"287";"Konstanz";"Baden-Württemberg";"205135";"48497";"241";"48256";"16893";"6910";"3107";"8579";"0";"6933";"3804";"140";"60";"313";"438";"166";"335";"0";"0";"0";"13";"0";"0";"7";"0";"81";"0";"147";"109";"6";"76";"0";"0";"0";"55";"0";"0";"84"
"588";"288";"Waldshut";"Baden-Württemberg";"177806";"36402";"173";"36229";"14346";"5626";"1810";"5568";"0";"4178";"3076";"97";"70";"326";"360";"175";"155";"0";"0";"0";"8";"0";"0";"4";"0";"74";"0";"120";"65";"4";"68";"0";"0";"0";"50";"0";"0";"49"
"589";"289";"Reutlingen";"Baden-Württemberg";"199934";"42093";"170";"41923";"15349";"5856";"2219";"6281";"0";"6156";"4482";"133";"77";"249";"338";"140";"238";"0";"0";"0";"22";"0";"0";"10";"0";"75";"0";"83";"63";"7";"41";"0";"0";"0";"59";"0";"0";"45"
"590";"290";"Tübingen";"Baden-Württemberg";"196488";"45506";"165";"45341";"14491";"6720";"4006";"9066";"0";"5508";"3615";"199";"64";"230";"298";"215";"360";"0";"0";"0";"26";"0";"0";"7";"0";"73";"0";"111";"144";"15";"57";"0";"0";"0";"49";"0";"0";"87"
"591";"291";"Ulm";"Baden-Württemberg";"222673";"46557";"190";"46367";"17170";"7050";"2343";"7241";"0";"5895";"4477";"263";"88";"364";"385";"194";"341";"0";"0";"0";"24";"0";"0";"3";"0";"91";"0";"120";"90";"5";"72";"0";"0";"0";"62";"0";"0";"89"
"592";"292";"Biberach";"Baden-Württemberg";"167025";"31196";"125";"31071";"13382";"3925";"1338";"3868";"0";"3707";"3230";"114";"72";"329";"263";"303";"147";"0";"0";"0";"5";"0";"0";"7";"0";"66";"0";"91";"37";"3";"60";"0";"0";"0";"69";"0";"0";"55"
"593";"293";"Bodensee";"Baden-Württemberg";"172782";"38721";"139";"38582";"14843";"5122";"2071";"6171";"0";"5506";"3262";"123";"47";"276";"302";"194";"186";"0";"0";"0";"11";"0";"0";"4";"0";"63";"0";"113";"77";"1";"77";"0";"0";"0";"62";"0";"0";"71"
"594";"294";"Ravensburg";"Baden-Württemberg";"186958";"38235";"168";"38067";"15113";"4734";"2109";"6434";"0";"4567";"3182";"116";"62";"334";"291";"457";"177";"0";"0";"0";"6";"0";"0";"5";"0";"71";"0";"87";"54";"7";"55";"0";"0";"0";"148";"0";"0";"58"
"595";"295";"Zollernalb – Sigmaringen";"Baden-Württemberg";"183588";"32404";"179";"32225";"12874";"4144";"1387";"3975";"0";"4658";"3798";"103";"78";"229";"317";"102";"168";"0";"0";"0";"36";"0";"0";"8";"0";"72";"0";"66";"34";"5";"60";"0";"0";"0";"62";"0";"0";"49"
"596";"296";"Saarbrücken";"Saarland";"199885";"41796";"441";"41355";"14204";"10788";"4878";"3068";"0";"3736";"3079";"184";"208";"304";"0";"0";"520";"0";"0";"17";"42";"0";"0";"0";"0";"0";"0";"154";"0";"0";"35";"0";"0";"0";"0";"0";"0";"138"
"597";"297";"Saarlouis";"Saarland";"207501";"36965";"490";"36475";"14243";"9586";"3691";"1827";"0";"2884";"3028";"149";"140";"301";"0";"0";"323";"0";"0";"52";"16";"0";"0";"0";"0";"0";"0";"61";"0";"0";"39";"0";"0";"0";"0";"0";"0";"135"
"598";"298";"St. Wendel";"Saarland";"177468";"36671";"588";"36083";"15257";"9698";"3313";"1506";"0";"2461";"2623";"120";"130";"368";"0";"0";"331";"0";"0";"26";"15";"0";"0";"0";"0";"0";"0";"69";"0";"0";"69";"0";"0";"0";"0";"0";"0";"97"
"599";"299";"Homburg";"Saarland";"192410";"38937";"536";"38401";"14331";"10544";"3645";"2053";"0";"3094";"3437";"121";"158";"332";"0";"0";"372";"0";"0";"36";"29";"0";"0";"0";"0";"0";"0";"80";"0";"0";"63";"0";"0";"0";"0";"0";"0";"106"
